0.737742227273,-0.726972886364,0.0779090909091,205.0352,205.0352,205.0352,1.21604647274
-0.735340022727,-0.736111522727,0.0779090909091,220.8361,220.8361,220.8361,1.21604679357
-0.737742227273,0.726973295455,0.0779090909091,219.66,219.66,219.66,1.2160462839
0.735340113636,0.736111704545,0.0779090909091,205.7108,205.7108,205.7108,1.21604615191
-1.29825,-0.848575,0.087,225.45,225.45,225.45,0.1517766
-1.331,0.93535,0.087,224.4518,224.4518,224.4518,0.1517766
1.29825,0.848575,0.087,205.4091,205.4091,205.4091,0.1517766
1.29825,-0.9305625,0.087,194.4206,194.4206,194.4206,0.3035532
-1.29825,-1.01255,0.087,359.6896,359.6896,359.6896,0.1517766
-1.331,0.93535,0.087,354.39,354.39,354.39,0.1517766
1.29825,1.01255,0.087,199.9734,199.9734,199.9734,0.1517766
0.540625916667,-0.505169145833,0.0126666666667,293.1605,293.1605,293.1605,0.0527416621656
-0.505169145833,-0.540625604167,0.0126666666667,292.363,292.363,292.363,0.0527416226048
-0.540625604167,0.505169333333,0.0126666666667,290.7984,290.7984,290.7984,0.0527416621656
0.505169333333,0.540625916667,0.0126666666667,289.6788,289.6788,289.6788,0.0527417017264
0.6295175,-0.42063,0.0805,171.176,171.176,171.176,0.13421818293
-0.147705666667,-0.742566,0.0805,172.161,172.161,172.161,0.134218223026
-0.72271725,-0.2993595,0.0805,169.919,169.919,169.919,0.0894787850428
-0.629517166667,0.420630166667,0.0805,170.903,170.903,170.903,0.134218210437
0.147705666667,0.7425665,0.0805,172.841,172.841,172.841,0.134218246346
0.72271775,0.2993595,0.0805,169.918,169.918,169.918,0.0894788358703
0.526850625,-0.526850375,0.0565,206.0467,206.0467,206.0467,0.0798168674898
-0.526850375,-0.526850375,0.0565,213.8683,213.8683,213.8683,0.079816843689
-0.526850375,0.526850625,0.0565,213.1656,213.1656,213.1656,0.0798168674898
0.526850625,0.526850625,0.0565,205.8041,205.8041,205.8041,0.0798168912906
0.46367475,-0.328138833333,0.151,149.563,149.563,149.563,0.379613471185
-0.1686195,-0.4089926875,0.151,148.813,148.813,148.813,0.35032659478
-0.361358625,-0.14967975,0.151,151.163,151.163,151.163,0.25307553205
-0.40724975,0.376157833333,0.151,150.054,150.054,150.054,0.379613471185
0.125720166667,0.553953,0.151,146.96,146.96,146.96,0.379613699995
0.361358875,0.14967975,0.151,150.356,150.356,150.356,0.253075819565
0.5865,-1.245,0.82,285.9047,285.9047,285.9047,0.01754
-0.5865,-1.245,0.82,288.3485,288.3485,288.3485,0.01754
-0.5865,1.245,0.82,285.4764,285.4764,285.4764,0.01754
0.5865,1.245,0.82,279.81399,279.81399,279.81399,0.01754
-1.045,-0.612525,0.82,292.6764,292.6764,292.6764,0.024499
-1.045,0.612475,0.82,290.9973,290.9973,290.9973,0.024501
1.045,-0.612525,0.82,287.4304,287.4304,287.4304,0.024499
1.045,0.612475,0.82,282.80978,282.80978,282.80978,0.024501
1.19,-1.225,0.3,292.6585,292.6585,292.6585,0.0068
1.19,-1.225,0.64,292.2657,292.2657,292.2657,0.0068
-1.19,-1.225,0.3,291.6362,291.6362,291.6362,0.0068
-1.19,-1.225,0.64,291.1014,291.1014,291.1014,0.0068
0.83515,-1.225,0.1495,292.9403,292.9403,292.9403,0.0268983
0.0407,-1.225,0.28275,295.7524,295.7524,295.7524,0.00723198
0.0407,-1.225,0.6795,292.676,292.676,292.676,0.00619884
0.1338,-1.225,0.7699,290.1099,290.1099,290.1099,0.01430352
1.08005,-1.225,0.7699,287.2762,287.2762,287.2762,0.01203398
0.601775,-1.225,0.22535,291.8666,291.8666,291.8666,0.07436758
0.6232,-1.225,0.3075,293.0869,293.0869,293.0869,0.105792
1.09995,-1.225,0.38,294.3129,294.3129,294.3129,0.008005
0.6727,-1.225,0.36245,294.342,294.342,294.342,0.01034656
0.19595,-1.225,0.38,296.3672,296.3672,296.3672,0.012955
1.09995,-1.225,0.4275,296.3464,296.3464,296.3464,0.0072045
0.6727,-1.225,0.44085,297.7787,297.7787,297.7787,0.01270752
0.19595,-1.225,0.4275,298.05,298.05,298.05,0.0116595
0.6232,-1.225,0.475,298.5941,298.5941,298.5941,0.05568
1.09995,-1.225,0.5225,297.5054,297.5054,297.5054,0.0072045
0.6944,-1.225,0.50705,298.2289,298.2289,298.2289,0.0091791
0.21765,-1.225,0.5225,298.7306,298.7306,298.7306,0.0136125
1.09995,-1.225,0.57145,297.1003,297.1003,297.1003,0.00846929
0.21765,-1.225,0.57145,298.7866,298.7866,298.7866,0.01600225
0.6232,-1.225,0.61895,298.4762,298.4762,298.4762,0.04688256
0.6232,-1.225,0.6675,295.5123,295.5123,295.5123,0.061248
0.6232,-1.225,0.7174,292.8074,292.8074,292.8074,0.04988928
0.6727,-1.225,0.38745,295.2233,295.2233,295.2233,0.02437344
0.6727,-1.225,0.41835,296.5946,296.5946,296.5946,0.01854048
0.6944,-1.225,0.52955,298.029,298.029,298.029,0.0201159
0.6944,-1.225,0.57145,298.3477,298.3477,298.3477,0.0344379
1.27125,-1.225,0.195,290.089,290.089,290.089,0.018525
1.27125,-1.225,0.3075,290.9661,290.9661,290.9661,0.0135375
1.27125,-1.225,0.41,293.9238,293.9238,293.9238,0.015675
1.27125,-1.225,0.5525,294.6838,294.6838,294.6838,0.0249375
1.27125,-1.225,0.725,287.9652,287.9652,287.9652,0.024225
1.442,-1.225,0.195,289.1524,289.1524,289.1524,0.02587
1.442,-1.225,0.3075,289.8317,289.8317,289.8317,0.018905
1.442,-1.225,0.41,288.3017,288.3017,288.3017,0.02189
-0.83515,-1.225,0.1495,292.2826,292.2826,292.2826,0.0268983
-0.0407,-1.225,0.28275,296.0999,296.0999,296.0999,0.00723198
-0.0407,-1.225,0.6795,291.9019,291.9019,291.9019,0.00619884
-0.1338,-1.225,0.7699,288.6634,288.6634,288.6634,0.01430352
-1.08005,-1.225,0.7699,286.662,286.662,286.662,0.01203398
-0.601775,-1.225,0.22535,291.8601,291.8601,291.8601,0.07436758
-0.6232,-1.225,0.3075,292.7566,292.7566,292.7566,0.105792
-0.6232,-1.225,0.38,293.7419,293.7419,293.7419,0.05568
-0.6232,-1.225,0.4275,294.535,294.535,294.535,0.050112
-0.6232,-1.225,0.475,295.4624,295.4624,295.4624,0.05568
-0.6232,-1.225,0.5225,296.1085,296.1085,296.1085,0.050112
-0.6232,-1.225,0.57145,294.852,294.852,294.852,0.05890944
-0.6232,-1.225,0.61895,293.4261,293.4261,293.4261,0.04688256
-0.6232,-1.225,0.6675,292.3694,292.3694,292.3694,0.061248
-0.6232,-1.225,0.7174,291.0054,291.0054,291.0054,0.04988928
-1.27125,-1.225,0.195,290.3986,290.3986,290.3986,0.018525
-1.27125,-1.225,0.3075,290.6426,290.6426,290.6426,0.0135375
-1.27125,-1.225,0.41,291.3721,291.3721,291.3721,0.015675
-1.27125,-1.225,0.5525,292.88,292.88,292.88,0.0249375
-1.27125,-1.225,0.725,286.6968,286.6968,286.6968,0.024225
-1.442,-1.225,0.195,289.3382,289.3382,289.3382,0.02587
-1.442,-1.225,0.3075,288.9124,288.9124,288.9124,0.018905
-1.442,-1.225,0.41,286.1978,286.1978,286.1978,0.02189
-1.19,1.225,0.3,285.2987,285.2987,285.2987,0.0068
-1.19,1.225,0.64,282.89399,282.89399,282.89399,0.0068
1.19,1.225,0.3,285.3992,285.3992,285.3992,0.0068
1.19,1.225,0.64,281.39675,281.39675,281.39675,0.0068
-0.83515,1.225,0.1495,287.3923,287.3923,287.3923,0.0268983
-0.0407,1.225,0.28275,290.1242,290.1242,290.1242,0.00723198
-0.0407,1.225,0.6795,283.6158,283.6158,283.6158,0.00619884
-0.23955,1.225,0.7699,281.70461,281.70461,281.70461,0.02703582
-1.08005,1.225,0.7699,280.55744,280.55744,280.55744,0.01203398
-0.601775,1.225,0.22535,286.107,286.107,286.107,0.07436758
-0.6232,1.225,0.29,286.696,286.696,286.696,0.066816
-0.6232,1.225,0.355,286.5236,286.5236,286.5236,0.077952
-0.6232,1.225,0.42,286.6953,286.6953,286.6953,0.066816
-0.6232,1.225,0.476,286.0303,286.0303,286.0303,0.0579072
-0.6232,1.225,0.546,285.383,285.383,285.383,0.0979968
-0.6232,1.225,0.63,284.4689,284.4689,284.4689,0.089088
-0.6232,1.225,0.7049,283.5791,283.5791,283.5791,0.07772928
-1.27125,1.225,0.195,284.6513,284.6513,284.6513,0.018525
-1.27125,1.225,0.29,284.509,284.509,284.509,0.00855
-1.27125,1.225,0.3925,283.8456,283.8456,283.8456,0.0206625
-1.27125,1.225,0.5275,283.9194,283.9194,283.9194,0.0178125
-1.27125,1.225,0.7,281.02249,281.02249,281.02249,0.03135
-1.442,1.225,0.195,283.7963,283.7963,283.7963,0.02587
-1.442,1.225,0.29,283.6449,283.6449,283.6449,0.01194
-1.442,1.225,0.3925,280.84493,280.84493,280.84493,0.028855
0.83515,1.225,0.1495,287.5536,287.5536,287.5536,0.0268983
0.0407,1.225,0.28275,289.8909,289.8909,289.8909,0.00723198
0.0407,1.225,0.6795,283.04861,283.04861,283.04861,0.00619884
0.23955,1.225,0.7699,281.33983,281.33983,281.33983,0.02703582
1.08005,1.225,0.7699,278.15916,278.15916,278.15916,0.01203398
0.601775,1.225,0.22535,286.3669,286.3669,286.3669,0.07436758
0.6232,1.225,0.29,287.2975,287.2975,287.2975,0.066816
0.6232,1.225,0.355,287.3181,287.3181,287.3181,0.077952
0.6232,1.225,0.42,287.0367,287.0367,287.0367,0.066816
0.6232,1.225,0.476,286.7867,286.7867,286.7867,0.0579072
0.6232,1.225,0.546,284.7278,284.7278,284.7278,0.0979968
0.6232,1.225,0.63,283.8302,283.8302,283.8302,0.089088
0.6232,1.225,0.7049,283.05947,283.05947,283.05947,0.07772928
1.27125,1.225,0.195,284.578,284.578,284.578,0.018525
1.27125,1.225,0.29,284.4633,284.4633,284.4633,0.00855
1.27125,1.225,0.3925,284.2885,284.2885,284.2885,0.0206625
1.27125,1.225,0.5275,282.98265,282.98265,282.98265,0.0178125
1.27125,1.225,0.7,277.64326,277.64326,277.64326,0.03135
1.442,1.225,0.195,283.239,283.239,283.239,0.02587
1.442,1.225,0.29,282.90198,282.90198,282.90198,0.01194
1.442,1.225,0.3925,281.59034,281.59034,281.59034,0.028855
0.357699125,-1.225,0.40199375,245.122,245.122,245.122,0.178979322
1.37075,-1.225,0.276,192.8418,192.8418,192.8418,0.129087
-0.374342575,-1.225,0.35053,243.516,243.516,243.516,0.178979322
-1.37075,-1.225,0.276,275.85872,275.85872,275.85872,0.129087
0.0,-1.245,0.9925,205.5506,205.5506,205.5506,0.101105
-1.1225,-0.6125125,0.81,343.8988,343.8988,343.8988,0.189871125
-1.2,-0.6125,0.4485,272.10976,272.10976,272.10976,0.885675
-1.1225,0.6124875,0.81,343.709,343.709,343.709,0.189878875
-1.2,0.6125,0.4485,274.24811,274.24811,274.24811,0.885675
-0.34457425,1.225,0.375144444444,241.9898,241.9898,241.9898,0.1662470005
-1.37075,1.225,0.276,274.070518,274.070518,274.070518,0.129087
0.396800075,1.225,0.349555,245.0117,245.0117,245.0117,0.166247022
1.321,1.225,0.45675,188.7674,188.7674,188.7674,0.1782495
0.0,1.245,0.9925,202.1242,202.1242,202.1242,0.101105
1.1225,0.6124875,0.81,229.2758,229.2758,229.2758,0.189878875
1.2,0.6125,0.4485,162.552,162.552,162.552,0.885675
1.1225,-0.6125125,0.81,229.9679,229.9679,229.9679,0.189871125
1.2,-0.6125,0.4485,163.546,163.546,163.546,0.885675
-0.0300425,-0.3235825,0.09175,173.3526,173.3526,173.3526,0.00991041001331
-0.0540075,-0.4037075,0.09175,171.876,171.876,171.876,0.00991041001331
-0.149785,-0.41894,0.09175,173.6926,173.6926,173.6926,0.0207129470604
-0.2207775,-0.35351,0.09175,180.2661,180.2661,180.2661,0.0100892545298
-0.1951725,-0.27231,0.09175,180.4129,180.4129,180.4129,0.0100892545298
-0.100215,-0.257615,0.09175,175.2955,175.2955,175.2955,0.0204157487618
-0.1126075,-0.29794625,0.0325,150.915,150.915,150.915,0.0145905875375
-0.1373925,-0.37860875,0.0325,150.762,150.762,150.762,0.0146962301625
1.4745675,-1.211205,0.740632,271.43328,271.43328,271.43328,0.0213848366352
-1.4743425,-1.2115,0.57971,270.35491,270.35491,270.35491,0.021382700389
-1.474565,1.211205,0.740632,321.0629,321.0629,321.0629,0.0213859510504
0.1515378,-1.312544,0.388064,296.6626,296.6626,296.6626,0.0654370498655
-0.1515378,-1.312544,0.390397333333,293.8824,293.8824,293.8824,0.0654370498655
-0.1515378,1.312544,0.388064,291.0499,291.0499,291.0499,0.0654370498655
0.1515378,1.312544,0.390397333333,293.4772,293.4772,293.4772,0.0654370498655
0.4027181,-1.58434783333,-0.0110385,235.8767,235.8767,235.8767,0.327078125014
-0.395245433333,-1.5655925,-0.00626296666667,279.92969,279.92969,279.92969,0.327078124735
-0.4027181,1.58434783333,-0.0110385,278.8182,278.8182,278.8182,0.327078125014
0.395245433333,1.5655925,-0.00626296666667,234.411,234.411,234.411,0.327078124735
0.4437605,-1.75833,0.0754005,294.4701,294.4701,294.4701,0.0210832125267
0.593083333333,-1.61155333333,-0.0371466666667,231.2604,231.2604,231.2604,0.0604157240414
0.31746625,-1.7453425,-0.05841375,309.009,309.009,309.009,0.017992105457
0.45747325,-1.78308625,-0.086472375,270.96418,270.96418,270.96418,0.0727678712899
0.4712575,-1.823555,-0.10130125,257.6187,257.6187,257.6187,0.0400003007559
-0.471427125,-1.7537125,0.062494,295.5063,295.5063,295.5063,0.0210832125297
-0.596641416667,-1.62199916667,-0.00533816666667,246.4366,246.4366,246.4366,0.0604157240404
-0.31746625,-1.7453425,-0.05841375,183.6865,183.6865,183.6865,0.017992105457
-0.45747325,-1.78308625,-0.086472375,301.9562,301.9562,301.9562,0.0727678712899
-0.4712575,-1.823555,-0.10130125,275.92996,275.92996,275.92996,0.0400003007559
0.0721635,-0.975295458333,-0.0280375,177.2782,177.2782,177.2782,0.0631259402848
-0.083228125,-1.00073583333,-0.0428208333333,178.9182,178.9182,178.9182,0.0631259299496
0.399096861111,-1.16760838889,-0.0050265,227.2792,227.2792,227.2792,0.185791990214
0.05084,-1.346575,0.14125,327.568,327.568,327.568,0.197244699618
-0.412758722222,-1.17946694444,-0.00554766666667,239.9655,239.9655,239.9655,0.195713819318
0.242052083333,-1.32231916667,-0.194484166667,152.449,152.449,152.449,0.052975798855
0.0081421,-1.390016,-0.15311775,180.6601,180.6601,180.6601,0.121111047331
-0.30256875,-1.31001916667,-0.194484166667,153.563,153.563,153.563,0.052975798855
0.180482375,-1.6434225,0.170032125,210.4676,210.4676,210.4676,0.0147199764223
0.2127075625,-1.578043125,0.0754378125,213.0869,213.0869,213.0869,0.0462197638941
-0.046070625,-1.679655,0.108995625,203.1565,203.1565,203.1565,0.0435879631352
-0.1715755,-1.65632875,0.149282125,290.5886,290.5886,290.5886,0.0146730071703
-0.214958625,-1.55466375,0.05133325,260.5638,260.5638,260.5638,0.0462050282728
0.0484829166667,-1.58713166667,0.202997083333,314.4197,314.4197,314.4197,0.0936725652748
-0.015156375,-1.58129,0.0009878125,171.539,171.539,171.539,0.064112791434
0.057185625,-1.70199,0.183253375,306.3197,306.3197,306.3197,0.00247505359223
-0.090429375,-1.70199,0.183253375,300.1572,300.1572,300.1572,0.00247505359223
0.2829525,-1.1428225,-0.166064,282.40883,282.40883,282.40883,0.0168369113191
0.22008825,-1.00410475,-0.077362875,279.375,279.375,279.375,0.01321886443
0.190108625,-1.16169125,-0.16606275,283.5026,283.5026,283.5026,0.016836369539
0.1477465,-1.018799125,-0.077363,278.95669,278.95669,278.95669,0.0132184054838
0.3308353125,-1.0952274375,-0.1438884375,162.918,162.918,162.918,0.0267846771131
0.0852985,-1.126185375,-0.1328005,161.518,161.518,161.518,0.0267894005746
-0.303154625,-1.17659375,-0.18823775,282.9851,282.9851,282.9851,0.0168366326567
-0.2402915,-1.03787725,-0.09953825,279.94244,279.94244,279.94244,0.0132188809152
-0.205184125,-1.19650125,-0.188238,283.9258,283.9258,283.9258,0.016836008517
-0.16282225,-1.053615,-0.09953725,279.3431,279.3431,279.3431,0.0132185925271
-0.3315043125,-1.0761595,-0.132799875,163.754,163.754,163.754,0.0267843871053
-0.085299125,-1.126189375,-0.13280025,161.429,161.429,161.429,0.0267889156195
-0.0721635,0.975295458333,-0.0280375,178.1734,178.1734,178.1734,0.0631259402848
0.083228125,1.00073583333,-0.0428208333333,176.4616,176.4616,176.4616,0.0631259299496
-0.399096972222,1.16760838889,-0.0050265,238.6565,238.6565,238.6565,0.18579176793
-0.05084,1.346575,0.14125,326.0956,326.0956,326.0956,0.197244699618
0.412758722222,1.17946694444,-0.00554766666667,228.2289,228.2289,228.2289,0.195713819318
-0.242052083333,1.32231916667,-0.194484166667,152.712,152.712,152.712,0.052975798855
-0.0081421,1.390016,-0.15311775,179.7271,179.7271,179.7271,0.121111047331
0.30256875,1.31001916667,-0.194484166667,151.555,151.555,151.555,0.052975798855
-0.180482375,1.6434225,0.170032125,289.6571,289.6571,289.6571,0.0147199764223
-0.2127075625,1.578043125,0.0754378125,259.3744,259.3744,259.3744,0.0462197638941
0.046070625,1.679655,0.108995625,202.1748,202.1748,202.1748,0.0435879631352
0.171602375,1.6560525,0.149282125,210.4453,210.4453,210.4453,0.0147199764223
0.214963625,1.5546125,0.05133325,211.6754,211.6754,211.6754,0.0462197638941
-0.04847375,1.58703666667,0.202997083333,312.7086,312.7086,312.7086,0.0936649604688
0.015156375,1.58129,0.0009878125,170.259,170.259,170.259,0.064112791434
-0.057185625,1.70199,0.183253375,307.7976,307.7976,307.7976,0.00247505359223
0.090429375,1.70199,0.183253375,303.4692,303.4692,303.4692,0.00247505359223
-0.2829525,1.1428975,-0.166064,279.95942,279.95942,279.95942,0.0168296159932
-0.22008825,1.00417975,-0.077362875,280.71211,280.71211,280.71211,0.0132115703609
-0.190108625,1.16173625,-0.16606275,279.59633,279.59633,279.59633,0.0168415604947
-0.1477465,1.018844125,-0.077363,280.55464,280.55464,280.55464,0.0132235971328
-0.3308353125,1.0953024375,-0.1438884375,161.657,161.657,161.657,0.0268013935617
-0.0852985,1.126245375,-0.1328005,160.635,160.635,160.635,0.0267811452813
0.303154625,1.17666875,-0.18823775,279.55351,279.55351,279.55351,0.016829337827
0.2402915,1.03795225,-0.09953825,280.21823,280.21823,280.21823,0.0132115880346
0.205184125,1.19654625,-0.188238,279.2995,279.2995,279.2995,0.0168411997891
0.16282225,1.05366,-0.09953725,280.20348,280.20348,280.20348,0.0132237850921
0.3315043125,1.0762195,-0.132799875,160.913,160.913,160.913,0.0268011048456
0.085299125,1.126249375,-0.13280025,160.692,160.692,160.692,0.0267806615991
-0.4437605,1.75833,0.0754005,294.5359,294.5359,294.5359,0.0210832125267
-0.593083333333,1.61155333333,-0.0371466666667,248.5322,248.5322,248.5322,0.0604157240415
-0.31746625,1.7453425,-0.05841375,234.642,234.642,234.642,0.017992105457
-0.45747325,1.78308625,-0.086472375,302.482,302.482,302.482,0.0727678712899
-0.4712575,1.823555,-0.10130125,276.12666,276.12666,276.12666,0.0400003007559
0.471427125,1.7537125,0.062494,292.9864,292.9864,292.9864,0.0210832125297
0.596641416667,1.62199916667,-0.00533816666667,225.6547,225.6547,225.6547,0.0604157240404
0.31746625,1.7453425,-0.05841375,235.423,235.423,235.423,0.017992105457
0.45747325,1.78308625,-0.086472375,272.919296,272.919296,272.919296,0.0727678712899
0.4712575,1.823555,-0.10130125,259.7834,259.7834,259.7834,0.0400003007559
1.045,-0.007525,1.21375,267.35025,267.35025,267.35025,0.011474125
1.045,0.007475,1.21375,266.4403,266.4403,266.4403,0.011550875
1.045,-0.007525,2.075,270.55043,270.55043,270.55043,0.01338025
1.045,0.007475,2.075,270.17857,270.17857,270.17857,0.01346975
1.045,-0.007525,3.0,271.37888,271.37888,271.37888,0.01338025
1.045,0.007475,3.0,271.06185,271.06185,271.06185,0.01346975
1.045,-0.007525,4.85,256.5795,256.5795,256.5795,0.01338025
1.045,0.007475,4.85,256.3467,256.3467,256.3467,0.01346975
1.045,-0.007525,5.775,252.7354,252.7354,252.7354,0.01338025
1.045,0.007475,5.775,252.4175,252.4175,252.4175,0.01346975
-1.045,-0.007525,1.21375,281.0551,281.0551,281.0551,0.011474125
-1.045,0.007475,1.21375,280.73291,280.73291,280.73291,0.011550875
-1.045,-0.007525,2.075,277.5468,277.5468,277.5468,0.01338025
-1.045,0.007475,2.075,277.43106,277.43106,277.43106,0.01346975
-1.045,-0.007525,3.0,275.72797,275.72797,275.72797,0.01338025
-1.045,0.007475,3.0,275.57791,275.57791,275.57791,0.01346975
-1.045,-0.007525,4.85,274.63408,274.63408,274.63408,0.01338025
-1.045,0.007475,4.85,274.89133,274.89133,274.89133,0.01346975
-1.045,-0.007525,5.775,267.19921,267.19921,267.19921,0.01338025
-1.045,0.007475,5.775,267.32647,267.32647,267.32647,0.01346975
1.045,-0.622525,1.6125,271.61327,271.61327,271.61327,0.0373485
1.045,0.622475,1.6125,270.92955,270.92955,270.92955,0.0373515
1.045,-0.622525,2.5375,274.22719,274.22719,274.22719,0.0373485
1.045,0.622475,2.5375,273.648016,273.648016,273.648016,0.0373515
1.045,-0.622525,5.3125,259.0464,259.0464,259.0464,0.0373485
1.045,0.622475,5.3125,258.4815,258.4815,258.4815,0.0373515
1.045,-0.622525,6.2375,256.1906,256.1906,256.1906,0.0373485
1.045,0.622475,6.2375,255.603,255.603,255.603,0.0373515
-1.045,-0.622525,1.6125,280.32604,280.32604,280.32604,0.0373485
-1.045,0.622475,1.6125,279.76375,279.76375,279.76375,0.0373515
-1.045,-0.622525,2.5375,279.21513,279.21513,279.21513,0.0373485
-1.045,0.622475,2.5375,278.97828,278.97828,278.97828,0.0373515
-1.045,-0.622525,5.3125,274.26488,274.26488,274.26488,0.0373485
-1.045,0.622475,5.3125,273.845115,273.845115,273.845115,0.0373515
-1.045,-0.622525,6.2375,270.6998,270.6998,270.6998,0.0373485
-1.045,0.622475,6.2375,270.17666,270.17666,270.17666,0.0373515
0.0,-1.245,1.39125,278.97519,278.97519,278.97519,0.012375
0.0,-1.245,2.075,276.9144,276.9144,276.9144,0.02685
0.0,-1.245,3.0,275.6971,275.6971,275.6971,0.02685
0.0,-1.245,3.925,279.65392,279.65392,279.65392,0.02685
0.0,-1.245,4.85,267.99143,267.99143,267.99143,0.02685
0.0,-1.245,5.775,269.08969,269.08969,269.08969,0.02685
1.045,-1.235,1.20375,267.07591,267.07591,267.07591,0.01575
1.035,-1.245,1.20375,267.20507,267.20507,267.20507,0.01575
1.045,-1.235,2.075,272.173158,272.173158,272.173158,0.0179
1.035,-1.245,2.075,272.318123,272.318123,272.318123,0.0179
1.045,-1.235,3.0,271.20807,271.20807,271.20807,0.0179
1.035,-1.245,3.0,270.83634,270.83634,270.83634,0.0179
1.035,-1.245,3.925,281.77876,281.77876,281.77876,0.0179
1.045,-1.235,4.85,263.32466,263.32466,263.32466,0.0179
1.035,-1.245,4.85,266.70089,266.70089,266.70089,0.0179
1.045,-1.235,5.775,261.8808,261.8808,261.8808,0.0179
1.035,-1.245,5.775,268.17922,268.17922,268.17922,0.0179
-1.045,-1.235,1.20375,285.1811,285.1811,285.1811,0.01575
-1.035,-1.245,1.20375,283.7893,283.7893,283.7893,0.01575
-1.045,-1.235,2.075,277.81332,277.81332,277.81332,0.0179
-1.035,-1.245,2.075,274.25613,274.25613,274.25613,0.0179
-1.045,-1.235,3.0,274.031031,274.031031,274.031031,0.0179
-1.035,-1.245,3.0,271.73693,271.73693,271.73693,0.0179
-1.035,-1.245,3.925,282.72809,282.72809,282.72809,0.0179
-1.045,-1.235,4.85,276.63439,276.63439,276.63439,0.0179
-1.035,-1.245,4.85,268.98995,268.98995,268.98995,0.0179
-1.045,-1.235,5.775,274.19651,274.19651,274.19651,0.0179
-1.035,-1.245,5.775,270.00234,270.00234,270.00234,0.0179
0.5225,-1.245,1.6125,271.36534,271.36534,271.36534,0.03135
-0.5225,-1.245,1.6125,273.525609,273.525609,273.525609,0.03135
0.5225,-1.245,2.5375,275.21207,275.21207,275.21207,0.03135
-0.5225,-1.245,2.5375,275.67508,275.67508,275.67508,0.03135
0.5225,-1.245,3.4625,275.43722,275.43722,275.43722,0.03135
-0.5225,-1.245,3.4625,275.61984,275.61984,275.61984,0.03135
0.5225,-1.245,4.3875,274.67806,274.67806,274.67806,0.03135
-0.5225,-1.245,4.3875,275.14943,275.14943,275.14943,0.03135
0.5225,-1.245,5.3125,268.75825,268.75825,268.75825,0.03135
-0.5225,-1.245,5.3125,269.13294,269.13294,269.13294,0.03135
0.6195,-1.245,6.25086666667,263.0211,263.0211,263.0211,0.0578028
-0.6195,-1.245,6.25086666667,263.75057,263.75057,263.75057,0.0578028
0.0,1.245,1.39125,276.78557,276.78557,276.78557,0.012375
0.0,1.245,2.075,274.34358,274.34358,274.34358,0.02685
0.0,1.245,3.0,275.21236,275.21236,275.21236,0.02685
0.0,1.245,3.925,279.97013,279.97013,279.97013,0.02685
0.0,1.245,4.85,267.10414,267.10414,267.10414,0.02685
0.0,1.245,5.775,267.14284,267.14284,267.14284,0.02685
1.045,1.235,1.20375,265.64283,265.64283,265.64283,0.01575
1.035,1.245,1.20375,266.13352,266.13352,266.13352,0.01575
1.045,1.235,2.075,270.84955,270.84955,270.84955,0.0179
1.035,1.245,2.075,270.13845,270.13845,270.13845,0.0179
1.045,1.235,3.0,270.22654,270.22654,270.22654,0.0179
1.035,1.245,3.0,272.513497,272.513497,272.513497,0.0179
1.035,1.245,3.925,282.28526,282.28526,282.28526,0.0179
1.045,1.235,4.85,261.9085,261.9085,261.9085,0.0179
1.035,1.245,4.85,263.94984,263.94984,263.94984,0.0179
1.045,1.235,5.775,260.4351,260.4351,260.4351,0.0179
1.035,1.245,5.775,266.01568,266.01568,266.01568,0.0179
-1.045,1.235,1.20375,283.8349,283.8349,283.8349,0.01575
-1.035,1.245,1.20375,281.87231,281.87231,281.87231,0.01575
-1.045,1.235,2.075,276.56656,276.56656,276.56656,0.0179
-1.035,1.245,2.075,271.6458,271.6458,271.6458,0.0179
-1.045,1.235,3.0,273.185217,273.185217,273.185217,0.0179
-1.035,1.245,3.0,272.999593,272.999593,272.999593,0.0179
-1.035,1.245,3.925,283.8507,283.8507,283.8507,0.0179
-1.045,1.235,4.85,275.66136,275.66136,275.66136,0.0179
-1.035,1.245,4.85,267.59194,267.59194,267.59194,0.0179
-1.045,1.235,5.775,272.661645,272.661645,272.661645,0.0179
-1.035,1.245,5.775,267.08881,267.08881,267.08881,0.0179
0.5225,1.245,1.6125,270.30235,270.30235,270.30235,0.03135
-0.5225,1.245,1.6125,271.69044,271.69044,271.69044,0.03135
0.5225,1.245,2.5375,272.785127,272.785127,272.785127,0.03135
-0.5225,1.245,2.5375,273.1699214,273.1699214,273.1699214,0.03135
0.5225,1.245,3.4625,275.59959,275.59959,275.59959,0.03135
-0.5225,1.245,3.4625,276.06943,276.06943,276.06943,0.03135
0.5225,1.245,4.3875,274.87635,274.87635,274.87635,0.03135
-0.5225,1.245,4.3875,275.08561,275.08561,275.08561,0.03135
0.5225,1.245,5.3125,260.5952,260.5952,260.5952,0.03135
-0.5225,1.245,5.3125,261.375,261.375,261.375,0.03135
0.6195,1.245,6.25086666667,262.9089,262.9089,262.9089,0.0578028
-0.6195,1.245,6.25086666667,263.7048,263.7048,263.7048,0.0578028
-1.4899125,0.8692125,3.8659125,320.4716,320.4716,320.4716,0.383277631961
1.4394,1.0309125,3.871725,315.5513,315.5513,315.5513,0.321515595256
1.4899125,-0.8692125,3.8659125,312.27,312.27,312.27,0.383277631961
-1.4394,-1.0309125,3.871725,322.5873,322.5873,322.5873,0.321515595256
1.4742375,0.099375,3.819675,306.9525,306.9525,306.9525,0.0616669500551
-1.4742375,-0.099375,3.819675,304.2922,304.2922,304.2922,0.0616669500551
-1.19885,1.27918333333,4.03875,247.1983,247.1983,247.1983,0.292569166648
-1.35814375,-1.3313125,4.1116125,257.3635,257.3635,257.3635,0.190304908894
-1.0606375,-1.2493875,3.8659375,211.0431,211.0431,211.0431,0.106970377636
-1.54376875,0.36249375,4.2553125,375.433,375.433,375.433,2.13121715212
-1.5065,0.0,4.0425,229.1487,229.1487,229.1487,2.0135148904
-1.123125,-0.364375,3.7415625,211.944,211.944,211.944,1.14777154337
1.19885,-1.27918333333,4.03875,261.5473,261.5473,261.5473,0.292569166648
1.275775,1.301275,4.2075,264.15074,264.15074,264.15074,0.185598789012
1.06065625,1.24940625,3.86591875,253.4916,253.4916,253.4916,0.106936895448
1.54376875,0.36249375,4.2553125,176.448,176.448,176.448,2.13121715212
1.5065,0.0,4.0425,217.1201,217.1201,217.1201,2.0135148904
1.12313125,0.36438125,3.74155625,204.6135,204.6135,204.6135,1.14782653779
0.44625,-1.245,1.189,193.5209,193.5209,193.5209,0.530681
1.28,-1.245,1.206,227.016,227.016,227.016,0.27428
-1.28,-1.245,1.206,264.55124,264.55124,264.55124,0.27428
0.0,-1.146,6.75655,294.0533,294.0533,294.0533,1.7575296
0.51475,1.245,1.189,188.2398,188.2398,188.2398,0.630143
1.28,1.245,1.206,225.7114,225.7114,225.7114,0.27428
-1.28,1.245,1.206,263.7634,263.7634,263.7634,0.27428
0.0,1.146,6.75655,294.0518,294.0518,294.0518,1.7575296
0.0,0.0,6.2525,341.4284,341.4284,341.4284,5.2041
1.045,0.0,4.45166666667,178.7212,178.7212,178.7212,0.46795
1.045,0.0,3.415,195.4147,195.4147,195.4147,0.34695
-1.045,0.0,4.45166666667,322.9514,322.9514,322.9514,0.46795
-1.045,0.0,3.415,197.0763,197.0763,197.0763,0.34695
0.0,-1.245,1.18,290.3965,290.3965,290.3965,0.00296
-0.14325,-1.245,0.9925,292.0419,292.0419,292.0419,0.0034675
0.14325,-1.245,0.9925,292.0013,292.0013,292.0013,0.0034675
1.2425,-1.245,3.271,270.58513,270.58513,270.58513,0.05767
1.2425,-1.245,3.271,268.34132,268.34132,268.34132,0.05767
-1.2625,-1.245,2.14675,276.92538,276.92538,276.92538,0.0576375
-1.2625,-1.245,2.14675,274.92143,274.92143,274.92143,0.0576375
1.2925,-1.245,5.74975,273.350635,273.350635,273.350635,0.0789525
1.2925,-1.245,5.74975,270.87158,270.87158,270.87158,0.0789525
-1.2925,-1.245,5.74025,274.17347,274.17347,274.17347,0.0883575
-1.2925,-1.245,5.74025,271.8238,271.8238,271.8238,0.0883575
0.04825,-1.245,5.755,271.84151,271.84151,271.84151,0.011305
-0.04825,-1.245,5.74025,271.81821,271.81821,271.81821,0.01187025
0.55325,-1.245,5.755,272.246404,272.246404,272.246404,0.160395
-0.55325,-1.245,5.74025,272.562083,272.562083,272.562083,0.16841475
1.2925,-1.245,5.5996,273.344758,273.344758,273.344758,0.069696
1.2925,-1.245,5.5996,270.98344,270.98344,270.98344,0.069696
-1.2925,-1.245,5.5901,275.03706,275.03706,275.03706,0.060291
-1.2925,-1.245,5.5901,272.331386,272.331386,272.331386,0.060291
0.04825,-1.245,5.5996,270.84821,270.84821,270.84821,0.0093632
-0.04825,-1.245,5.5901,271.33254,271.33254,271.33254,0.0080997
0.55325,-1.245,5.5996,272.204263,272.204263,272.204263,0.1328448
-0.55325,-1.245,5.5901,272.537048,272.537048,272.537048,0.1149183
1.2825,-1.245,5.898105,269.72184,269.72184,269.72184,0.06517475
1.2825,-1.245,5.898105,267.95537,267.95537,267.95537,0.06517475
-1.2825,-1.245,5.898105,271.61026,271.61026,271.61026,0.06517475
-1.2825,-1.245,5.898105,269.64565,269.64565,269.64565,0.06517475
0.04825,-1.245,5.903355,270.08531,270.08531,270.08531,0.008426215
-0.04825,-1.245,5.898105,270.22172,270.22172,270.22172,0.009124465
0.55325,-1.245,5.903355,270.16454,270.16454,270.16454,0.119550885
-0.55325,-1.245,5.898105,270.75169,270.75169,270.75169,0.129457635
1.2375,-1.245,6.19296,261.6748,261.6748,261.6748,0.0458458
1.2375,-1.245,6.19296,259.9939,259.9939,259.9939,0.0458458
-1.2375,-1.245,6.19296,263.83101,263.83101,263.83101,0.0458458
-1.2375,-1.245,6.19296,261.9551,261.9551,261.9551,0.0458458
0.04825,-1.245,6.17796,265.66728,265.66728,265.66728,0.00592382
-0.04825,-1.245,6.17796,265.79156,265.79156,265.79156,0.00592382
0.55325,-1.245,6.17796,265.30411,265.30411,265.30411,0.08404698
-0.55325,-1.245,6.17796,265.81387,265.81387,265.81387,0.08404698
0.52,-1.245,5.35175,269.0853,269.0853,269.0853,0.048985
-0.52,-1.245,5.35175,269.36773,269.36773,269.36773,0.048985
-0.52,-1.245,5.27325,269.10989,269.10989,269.10989,0.048985
-1.2925,-1.245,5.3125,269.00637,269.00637,269.00637,0.062865
-1.2925,-1.245,5.3125,267.22028,267.22028,267.22028,0.062865
0.52,-1.245,5.27325,268.79677,268.79677,268.79677,0.048985
1.2925,-1.245,5.3125,265.46136,265.46136,265.46136,0.062865
1.2925,-1.245,5.3125,264.28205,264.28205,264.28205,0.062865
-0.52,-1.245,4.42675,272.995755,272.995755,272.995755,0.048985
0.52,-1.245,4.42675,272.554526,272.554526,272.554526,0.048985
0.52,-1.245,3.42325,274.036564,274.036564,274.036564,0.048985
-0.52,-1.245,3.42325,274.28183,274.28183,274.28183,0.048985
1.2925,-1.245,2.68,274.88954,274.88954,274.88954,0.07821
1.2925,-1.245,2.68,271.88508,271.88508,271.88508,0.07821
-1.2025,-1.245,2.555,271.44459,271.44459,271.44459,0.02898
-1.2025,-1.245,2.555,270.04081,270.04081,270.04081,0.02898
-1.1825,-1.245,2.68,274.024749,274.024749,274.024749,0.04345
-1.1825,-1.245,2.68,271.76614,271.76614,271.76614,0.04345
0.52,-1.245,2.57675,274.52458,274.52458,274.52458,0.048985
-0.52,-1.245,2.57675,274.99565,274.99565,274.99565,0.048985
-1.2275,-1.245,2.431,278.3579,278.3579,278.3579,0.05694
-1.2275,-1.245,2.431,275.70667,275.70667,275.70667,0.05694
0.52,-1.245,2.50425,275.64041,275.64041,275.64041,0.036865
-0.52,-1.245,2.50425,276.06551,276.06551,276.06551,0.036865
1.2925,-1.245,2.5435,270.72924,270.72924,270.72924,0.056925
1.2925,-1.245,2.5435,268.84002,268.84002,268.84002,0.056925
-1.2925,-1.245,4.89075,270.29845,270.29845,270.29845,0.0710325
-1.2925,-1.245,4.89075,268.28753,268.28753,268.28753,0.0710325
1.2925,-1.245,4.89075,268.38793,268.38793,268.38793,0.0710325
1.2925,-1.245,4.89075,266.4609,266.4609,266.4609,0.0710325
-0.55325,-1.245,4.89075,269.35051,269.35051,269.35051,0.13539225
0.04825,-1.245,4.89075,267.87806,267.87806,267.87806,0.00954275
-0.04825,-1.245,4.89075,267.9249,267.9249,267.9249,0.00954275
0.55325,-1.245,4.89075,269.32516,269.32516,269.32516,0.13539225
-1.2925,-1.245,4.58275,272.735208,272.735208,272.735208,0.0522225
-1.2925,-1.245,4.58275,270.12322,270.12322,270.12322,0.0522225
-1.2925,-1.245,4.72725,271.77856,271.77856,271.77856,0.0908325
-1.2925,-1.245,4.72725,269.41217,269.41217,269.41217,0.0908325
1.2925,-1.245,4.58275,265.3229,265.3229,265.3229,0.0522225
1.2925,-1.245,4.58275,263.94823,263.94823,263.94823,0.0522225
1.2925,-1.245,4.72725,267.9372,267.9372,267.9372,0.0908325
1.2925,-1.245,4.72725,266.20416,266.20416,266.20416,0.0908325
-0.55325,-1.245,4.72725,269.52596,269.52596,269.52596,0.17313225
0.04825,-1.245,4.72725,268.13425,268.13425,268.13425,0.01220275
-0.04825,-1.245,4.72725,268.2201,268.2201,268.2201,0.01220275
0.55325,-1.245,4.72725,269.17753,269.17753,269.17753,0.17313225
-0.55325,-1.245,4.4905,270.31068,270.31068,270.31068,0.0745365
-0.55325,-1.245,4.58275,269.36277,269.36277,269.36277,0.09953925
0.04825,-1.245,4.58275,267.33039,267.33039,267.33039,0.00701575
0.04825,-1.245,4.4905,269.38185,269.38185,269.38185,0.0052535
-0.04825,-1.245,4.58275,267.51078,267.51078,267.51078,0.00701575
-0.04825,-1.245,4.4905,269.49449,269.49449,269.49449,0.0052535
0.55325,-1.245,4.58275,268.51889,268.51889,268.51889,0.09953925
0.55325,-1.245,4.4905,269.79679,269.79679,269.79679,0.0745365
0.04825,-1.245,3.2985,273.922906,273.922906,273.922906,0.0133665
-0.04825,-1.245,3.2985,273.970221,273.970221,273.970221,0.0133665
0.55325,-1.245,3.2985,272.06221,272.06221,272.06221,0.1896435
-0.55325,-1.245,3.2985,272.532478,272.532478,272.532478,0.1896435
1.2675,-1.245,3.099,268.86475,268.86475,268.86475,0.08811
1.2675,-1.245,3.099,266.8595,266.8595,266.8595,0.08811
0.04825,-1.245,3.099,274.81097,274.81097,274.81097,0.013167
-0.04825,-1.245,3.099,274.83436,274.83436,274.83436,0.013167
0.55325,-1.245,3.099,273.333573,273.333573,273.333573,0.186813
-0.55325,-1.245,3.099,273.738993,273.738993,273.738993,0.186813
1.2925,-1.245,2.8795,271.47444,271.47444,271.47444,0.119295
1.2925,-1.245,2.8795,269.35036,269.35036,269.35036,0.119295
0.04825,-1.245,2.8795,276.97943,276.97943,276.97943,0.0160265
-0.04825,-1.245,2.8795,277.04832,277.04832,277.04832,0.0160265
0.55325,-1.245,2.8795,277.00689,277.00689,277.00689,0.2273835
-0.55325,-1.245,2.8795,277.3757,277.3757,277.3757,0.2273835
0.04825,-1.245,2.68,275.61371,275.61371,275.61371,0.010507
-0.04825,-1.245,2.68,275.75526,275.75526,275.75526,0.010507
0.55325,-1.245,2.68,274.77451,274.77451,274.77451,0.149073
-0.55325,-1.245,2.68,275.37323,275.37323,275.37323,0.149073
-1.2525,-1.245,2.283,281.9048,281.9048,281.9048,0.0581
-1.2525,-1.245,2.283,279.13586,279.13586,279.13586,0.0581
-1.2925,-1.245,5.02225,270.60819,270.60819,270.60819,0.0591525
-1.2925,-1.245,5.02225,268.50617,268.50617,268.50617,0.0591525
-1.2925,-1.245,5.1655,270.29396,270.29396,270.29396,0.082665
-1.2925,-1.245,5.1655,268.13548,268.13548,268.13548,0.082665
1.2925,-1.245,5.02225,266.71115,266.71115,266.71115,0.0591525
1.2925,-1.245,5.02225,265.13358,265.13358,265.13358,0.0591525
1.2925,-1.245,5.1655,266.83991,266.83991,266.83991,0.082665
1.2925,-1.245,5.1655,265.11545,265.11545,265.11545,0.082665
-0.55325,-1.245,5.1655,268.94359,268.94359,268.94359,0.1575645
-0.55325,-1.245,5.02225,269.02225,269.02225,269.02225,0.11274825
0.04825,-1.245,5.1655,266.25406,266.25406,266.25406,0.0111055
0.04825,-1.245,5.02225,267.29807,267.29807,267.29807,0.00794675
-0.04825,-1.245,5.1655,266.33642,266.33642,266.33642,0.0111055
-0.04825,-1.245,5.02225,267.39706,267.39706,267.39706,0.00794675
0.55325,-1.245,5.1655,268.51955,268.51955,268.51955,0.1575645
0.55325,-1.245,5.02225,268.59906,268.59906,268.59906,0.11274825
0.04825,-1.245,4.156245,279.43223,279.43223,279.43223,0.010252305
-0.04825,-1.245,4.156245,279.53225,279.53225,279.53225,0.010252305
0.55325,-1.245,4.156245,277.7509,277.7509,277.7509,0.145459395
-0.55325,-1.245,4.156245,278.342,278.342,278.342,0.145459395
0.04825,-1.245,4.002075,279.59296,279.59296,279.59296,0.010252305
-0.04825,-1.245,4.002075,279.69078,279.69078,279.69078,0.010252305
0.55325,-1.245,4.002075,277.87232,277.87232,277.87232,0.145459395
-0.55325,-1.245,4.002075,278.47466,278.47466,278.47466,0.145459395
0.04825,-1.245,3.84791,279.63983,279.63983,279.63983,0.01025164
-0.04825,-1.245,3.84791,279.72423,279.72423,279.72423,0.01025164
0.55325,-1.245,3.84791,277.91521,277.91521,277.91521,0.14544996
-0.55325,-1.245,3.84791,278.50858,278.50858,278.50858,0.14544996
0.04825,-1.245,3.693745,279.68949,279.68949,279.68949,0.010252305
-0.04825,-1.245,3.693745,279.75982,279.75982,279.75982,0.010252305
0.55325,-1.245,3.693745,277.98104,277.98104,277.98104,0.145459395
-0.55325,-1.245,3.693745,278.40468,278.40468,278.40468,0.145459395
0.04825,-1.245,1.98542,273.918812,273.918812,273.918812,0.00858914
-0.04825,-1.245,1.98542,274.063055,274.063055,274.063055,0.00858914
0.55325,-1.245,1.98542,271.86756,271.86756,271.86756,0.12186246
-0.55325,-1.245,1.98542,272.667842,272.667842,272.667842,0.12186246
1.2925,-1.245,1.98542,270.37036,270.37036,270.37036,0.0639342
1.2925,-1.245,1.98542,268.25186,268.25186,268.25186,0.0639342
-1.2925,-1.245,1.98542,272.02411,272.02411,272.02411,0.0639342
-1.2925,-1.245,1.98542,270.3725,270.3725,270.3725,0.0639342
0.04825,-1.245,1.843755,272.844304,272.844304,272.844304,0.010252305
-0.04825,-1.245,1.843755,272.999673,272.999673,272.999673,0.010252305
0.55325,-1.245,1.843755,270.50059,270.50059,270.50059,0.145459395
-0.55325,-1.245,1.843755,271.44683,271.44683,271.44683,0.145459395
1.2925,-1.245,1.843755,269.70744,269.70744,269.70744,0.07631415
1.2925,-1.245,1.843755,267.74516,267.74516,267.74516,0.07631415
-1.2925,-1.245,1.843755,271.62235,271.62235,271.62235,0.07631415
-1.2925,-1.245,1.843755,270.05724,270.05724,270.05724,0.07631415
-0.5865,-1.245,1.09042,291.1839,291.1839,291.1839,0.16589332
-0.5865,-1.245,0.91292,290.0053,290.0053,290.0053,0.14544168
0.52,-1.245,3.49825,276.82339,276.82339,276.82339,0.041915
-0.52,-1.245,3.49825,276.94341,276.94341,276.94341,0.041915
0.04825,-1.245,3.56783,279.58222,279.58222,279.58222,0.00649439
0.55325,-1.245,3.56783,277.86794,277.86794,277.86794,0.09214221
-0.55325,-1.245,3.56783,277.94174,277.94174,277.94174,0.09214221
-0.04825,-1.245,3.56783,279.60844,279.60844,279.60844,0.00649439
0.52,-1.245,4.35175,276.5363,276.5363,276.5363,0.041915
-0.52,-1.245,4.35175,276.95996,276.95996,276.95996,0.041915
0.55325,-1.245,4.282165,277.44354,277.44354,277.44354,0.092151645
0.04825,-1.245,4.282165,278.85326,278.85326,278.85326,0.006495055
-0.04825,-1.245,4.282165,278.9532,278.9532,278.9532,0.006495055
-0.55325,-1.245,4.282165,278.00066,278.00066,278.00066,0.092151645
0.52,-1.245,1.64825,271.81217,271.81217,271.81217,0.041915
-0.52,-1.245,1.64825,273.485217,273.485217,273.485217,0.041915
1.2925,-1.245,1.717835,269.80698,269.80698,269.80698,0.04834665
1.2925,-1.245,1.717835,267.46082,267.46082,267.46082,0.04834665
-1.2925,-1.245,1.717835,272.01766,272.01766,272.01766,0.04834665
-1.2925,-1.245,1.717835,270.48531,270.48531,270.48531,0.04834665
0.04825,-1.245,1.717835,273.2078906,273.2078906,273.2078906,0.006495055
0.55325,-1.245,1.717835,270.88482,270.88482,270.88482,0.092151645
-0.55325,-1.245,1.717835,272.06724,272.06724,272.06724,0.092151645
-0.04825,-1.245,1.717835,273.381519,273.381519,273.381519,0.006495055
1.2925,-1.245,2.06525,268.81666,268.81666,268.81666,0.0150975
1.2925,-1.245,2.06525,267.58542,267.58542,267.58542,0.0150975
0.52,-1.245,2.06525,274.5861,274.5861,274.5861,0.030805
-0.52,-1.245,2.06525,275.37669,275.37669,275.37669,0.030805
-1.2775,-1.245,2.06525,271.52695,271.52695,271.52695,0.0141825
-1.2775,-1.245,2.06525,270.46713,270.46713,270.46713,0.0141825
0.52,-1.245,1.57675,271.26227,271.26227,271.26227,0.041915
-0.52,-1.245,1.57675,273.640596,273.640596,273.640596,0.041915
-1.235,-1.245,1.6125,272.247568,272.247568,272.247568,0.04294
-1.235,-1.245,1.6125,270.49048,270.49048,270.49048,0.04294
1.235,-1.245,1.6125,264.6591,264.6591,264.6591,0.04294
1.235,-1.245,1.6125,262.5402,262.5402,262.5402,0.04294
-0.04825,-1.245,1.3195,280.91227,280.91227,280.91227,0.0051205
-0.55325,-1.245,1.3195,286.3389,286.3389,286.3389,0.0726495
1.2925,-1.245,2.4195,277.68853,277.68853,277.68853,0.065835
1.2925,-1.245,2.4195,274.38288,274.38288,274.38288,0.065835
0.04825,-1.245,2.4195,279.33837,279.33837,279.33837,0.0088445
-0.04825,-1.245,2.4195,279.39892,279.39892,279.39892,0.0088445
0.55325,-1.245,2.4195,277.80901,277.80901,277.80901,0.1254855
-0.55325,-1.245,2.4195,278.00243,278.00243,278.00243,0.1254855
1.2925,-1.245,2.14675,274.3098,274.3098,274.3098,0.0655875
1.2925,-1.245,2.14675,271.95465,271.95465,271.95465,0.0655875
1.2925,-1.245,2.283,279.03823,279.03823,279.03823,0.0693
1.2925,-1.245,2.283,276.28103,276.28103,276.28103,0.0693
0.04825,-1.245,2.14675,279.06368,279.06368,279.06368,0.00881125
0.04825,-1.245,2.283,281.8754,281.8754,281.8754,0.00931
-0.04825,-1.245,2.14675,279.19788,279.19788,279.19788,0.00881125
-0.04825,-1.245,2.283,281.95253,281.95253,281.95253,0.00931
0.55325,-1.245,2.14675,278.73911,278.73911,278.73911,0.12501375
0.55325,-1.245,2.283,280.93726,280.93726,280.93726,0.13209
-0.55325,-1.245,2.14675,279.46029,279.46029,279.46029,0.12501375
-0.55325,-1.245,2.283,281.3857,281.3857,281.3857,0.13209
-1.1705,-1.245,2.8795,270.99356,270.99356,270.99356,0.060491
-1.1705,-1.245,2.8795,269.16077,269.16077,269.16077,0.060491
-1.1705,-1.245,3.099,267.86054,267.86054,267.86054,0.049698
-1.1705,-1.245,3.099,266.23051,266.23051,266.23051,0.049698
-1.1705,-1.245,3.271,270.44307,270.44307,270.44307,0.036646
-1.1705,-1.245,3.271,268.43726,268.43726,268.43726,0.036646
-0.52,-1.245,1.271,289.7164,289.7164,289.7164,0.0202
-0.04825,-1.245,1.223,288.9478,288.9478,288.9478,0.005054
1.2625,-1.245,6.008355,267.12694,267.12694,267.12694,0.03623115
1.2625,-1.245,6.008355,265.62571,265.62571,265.62571,0.03623115
1.2625,-1.245,6.09171,265.94976,265.94976,265.94976,0.0362877
1.2625,-1.245,6.09171,263.80106,263.80106,263.80106,0.0362877
-1.2625,-1.245,6.008355,269.17938,269.17938,269.17938,0.03623115
-1.2625,-1.245,6.008355,267.48947,267.48947,267.48947,0.03623115
-1.2625,-1.245,6.09171,267.79088,267.79088,267.79088,0.0362877
-1.2625,-1.245,6.09171,265.5243,265.5243,265.5243,0.0362877
0.04825,-1.245,6.008355,267.51365,267.51365,267.51365,0.005538785
0.04825,-1.245,6.09171,265.79663,265.79663,265.79663,0.00554743
-0.04825,-1.245,6.008355,267.59191,267.59191,267.59191,0.005538785
-0.04825,-1.245,6.09171,265.93158,265.93158,265.93158,0.00554743
0.55325,-1.245,6.09171,266.08759,266.08759,266.08759,0.07870677
0.55325,-1.245,6.008355,267.54942,267.54942,267.54942,0.078584115
-0.55325,-1.245,6.09171,266.61973,266.61973,266.61973,0.07870677
-0.55325,-1.245,6.008355,267.96561,267.96561,267.96561,0.078584115
-0.11475,-1.245,1.223,290.5704,290.5704,290.5704,0.005054
-0.5865,-1.245,1.223,292.1105,292.1105,292.1105,0.066652
-0.04825,-1.245,1.49675,274.21974,274.21974,274.21974,0.00788025
-0.55325,-1.245,1.49675,275.59611,275.59611,275.59611,0.11180475
-0.04825,-1.245,1.39775,277.04832,277.04832,277.04832,0.00528675
-0.55325,-1.245,1.39775,279.51378,279.51378,279.51378,0.07500825
1.2925,-1.245,5.4746,271.38468,271.38468,271.38468,0.054054
1.2925,-1.245,5.4746,269.24059,269.24059,269.24059,0.054054
1.2925,-1.245,5.398,267.85581,267.85581,267.85581,0.02178
1.2925,-1.245,5.398,265.93898,265.93898,265.93898,0.02178
-1.2925,-1.245,5.4746,272.06596,272.06596,272.06596,0.054054
-1.2925,-1.245,5.4746,269.86096,269.86096,269.86096,0.054054
-1.2925,-1.245,5.398,270.24709,270.24709,270.24709,0.02178
-1.2925,-1.245,5.398,268.09888,268.09888,268.09888,0.02178
0.04825,-1.245,5.4746,268.64794,268.64794,268.64794,0.0072618
0.04825,-1.245,5.398,267.96876,267.96876,267.96876,0.002926
-0.04825,-1.245,5.4746,268.74723,268.74723,268.74723,0.0072618
-0.04825,-1.245,5.398,267.97539,267.97539,267.97539,0.002926
0.55325,-1.245,5.398,269.53794,269.53794,269.53794,0.041514
0.55325,-1.245,5.4746,271.00942,271.00942,271.00942,0.1030302
-0.55325,-1.245,5.398,269.68813,269.68813,269.68813,0.041514
-0.55325,-1.245,5.4746,270.81745,270.81745,270.81745,0.1030302
-1.1925,-1.245,1.3195,281.99406,281.99406,281.99406,0.022715
-1.1925,-1.245,1.49675,274.43067,274.43067,274.43067,0.0349575
-1.1925,-1.245,1.39775,278.21365,278.21365,278.21365,0.0234525
-1.375,-1.245,1.271,266.34916,266.34916,266.34916,0.002
-1.185,-1.245,1.271,279.82638,279.82638,279.82638,0.0056
1.255,-1.245,0.856,255.1677,255.1677,255.1677,0.01288
1.115,-1.245,0.856,258.3389,258.3389,258.3389,0.01288
-1.3825,-1.245,1.49675,268.31235,268.31235,268.31235,0.0100725
-1.3825,-1.245,1.39775,269.31802,269.31802,269.31802,0.0067575
-1.3825,-1.245,1.3195,268.37957,268.37957,268.37957,0.006545
-1.375,-1.245,1.223,262.4464,262.4464,262.4464,0.0076
-1.375,-1.245,1.09042,253.8972,253.8972,253.8972,0.018916
-1.375,-1.245,0.94892,249.696,249.696,249.696,0.009384
-1.24875,-1.245,1.223,269.28705,269.28705,269.28705,0.01159
-1.10875,-1.245,1.223,281.68448,281.68448,281.68448,0.00969
-1.10875,-1.245,1.09042,276.0405,276.0405,276.0405,0.0241179
-1.24875,-1.245,1.09042,259.0676,259.0676,259.0676,0.0288469
-1.10875,-1.245,0.90292,272.02706,272.02706,272.02706,0.0236946
-1.24875,-1.245,0.90292,254.9579,254.9579,254.9579,0.0283406
1.375,-1.245,1.2455,255.8986,255.8986,255.8986,0.0304
1.375,-1.245,1.47675,256.0372,256.0372,256.0372,0.01585
1.115,-1.245,1.2455,267.45463,267.45463,267.45463,0.04256
1.115,-1.245,1.47675,264.71347,264.71347,264.71347,0.02219
1.255,-1.245,1.47675,262.1445,262.1445,262.1445,0.02219
1.255,-1.245,1.2455,264.24439,264.24439,264.24439,0.04256
1.375,-1.245,0.99775,257.5205,257.5205,257.5205,0.01915
1.115,-1.245,0.99775,268.26202,268.26202,268.26202,0.02681
1.255,-1.245,0.99775,265.6784,265.6784,265.6784,0.02681
0.699,-1.245,7.16735,272.520505,272.520505,272.520505,0.051948
0.699,-1.245,7.16735,270.36756,270.36756,270.36756,0.051948
0.699,-1.245,6.99535,273.647246,273.647246,273.647246,0.05538
0.699,-1.245,6.99535,271.39201,271.39201,271.39201,0.05538
0.871,-1.245,6.8411,274.36643,274.36643,274.36643,0.085936
0.871,-1.245,6.8411,271.87989,271.87989,271.87989,0.085936
0.8995,-1.245,6.69835,273.723714,273.723714,273.723714,0.1101585
0.8995,-1.245,6.69835,271.3369,271.3369,271.3369,0.1101585
0.9395,-1.245,6.5441,273.648811,273.648811,273.648811,0.122122
0.9395,-1.245,6.5441,271.19344,271.19344,271.19344,0.122122
0.9395,-1.245,6.31255,265.30696,265.30696,265.30696,0.0793793
0.9395,-1.245,6.31255,263.88289,263.88289,263.88289,0.0793793
0.9395,-1.245,6.41485,272.942569,272.942569,272.942569,0.0828685
0.9395,-1.245,6.41485,269.9089,269.9089,269.9089,0.0828685
0.0,-1.245,7.16735,272.00764,272.00764,272.00764,0.180819
-0.699,-1.245,7.16735,272.52385,272.52385,272.52385,0.051948
-0.699,-1.245,7.16735,270.3192,270.3192,270.3192,0.051948
-0.699,-1.245,6.99535,273.785865,273.785865,273.785865,0.05538
-0.699,-1.245,6.99535,271.46521,271.46521,271.46521,0.05538
0.0,-1.245,6.99535,272.548472,272.548472,272.548472,0.192765
-0.871,-1.245,6.8411,274.78453,274.78453,274.78453,0.085936
-0.871,-1.245,6.8411,272.221734,272.221734,272.221734,0.085936
0.0,-1.245,6.8411,272.565266,272.565266,272.565266,0.142266
-0.8995,-1.245,6.69835,274.31574,274.31574,274.31574,0.1101585
-0.8995,-1.245,6.69835,271.85084,271.85084,271.85084,0.1101585
0.0,-1.245,6.69835,272.332595,272.332595,272.332595,0.167787
-0.9395,-1.245,6.5441,274.103816,274.103816,274.103816,0.122122
-0.9395,-1.245,6.5441,271.60428,271.60428,271.60428,0.122122
0.0,-1.245,6.5441,272.275904,272.275904,272.275904,0.167244
-0.9395,-1.245,6.31255,266.28462,266.28462,266.28462,0.0793793
-0.9395,-1.245,6.31255,264.79604,264.79604,264.79604,0.0793793
0.0,-1.245,6.31255,267.63545,267.63545,267.63545,0.1087086
-0.9395,-1.245,6.41485,273.399497,273.399497,273.399497,0.0828685
-0.9395,-1.245,6.41485,270.38767,270.38767,270.38767,0.0828685
0.0,-1.245,6.41485,272.0692,272.0692,272.0692,0.113487
0.918,-1.245,1.29125,270.43833,270.43833,270.43833,0.045475
0.918,-1.245,1.13925,271.46057,271.46057,271.46057,0.019581
0.918,-1.245,0.866,267.9641,267.9641,267.9641,0.015408
0.918,-1.245,0.99775,270.92846,270.92846,270.92846,0.040981
0.918,-1.245,1.47675,267.64424,267.64424,267.64424,0.033919
0.0,1.245,1.18,287.0503,287.0503,287.0503,0.00296
-0.14325,1.245,0.9925,288.5112,288.5112,288.5112,0.0034675
0.14325,1.245,0.9925,287.7012,287.7012,287.7012,0.0034675
1.2925,1.245,2.735,275.92307,275.92307,275.92307,0.04455
1.2925,1.245,2.735,273.016003,273.016003,273.016003,0.04455
-0.52,1.245,5.35175,261.4599,261.4599,261.4599,0.048985
0.52,1.245,5.35175,260.6896,260.6896,260.6896,0.048985
-0.52,1.245,5.27325,261.5435,261.5435,261.5435,0.048985
0.52,1.245,5.27325,260.9142,260.9142,260.9142,0.048985
-1.2925,1.245,5.3125,261.1341,261.1341,261.1341,0.062865
-1.2925,1.245,5.3125,259.1347,259.1347,259.1347,0.062865
1.2925,1.245,5.3125,255.8199,255.8199,255.8199,0.062865
1.2925,1.245,5.3125,254.514,254.514,254.514,0.062865
-0.52,1.245,4.42675,272.891546,272.891546,272.891546,0.048985
0.52,1.245,4.42675,272.660516,272.660516,272.660516,0.048985
-0.52,1.245,3.42325,274.80447,274.80447,274.80447,0.048985
0.52,1.245,3.42325,274.38833,274.38833,274.38833,0.048985
-1.2925,1.245,2.6905,274.80467,274.80467,274.80467,0.088605
-1.2925,1.245,2.6905,271.99212,271.99212,271.99212,0.088605
-1.2925,1.245,2.5435,270.01833,270.01833,270.01833,0.056925
-1.2925,1.245,2.5435,268.28397,268.28397,268.28397,0.056925
-0.52,1.245,2.57675,272.464209,272.464209,272.464209,0.048985
0.52,1.245,2.57675,272.09464,272.09464,272.09464,0.048985
1.2925,1.245,2.3915,275.78198,275.78198,275.78198,0.093555
1.2925,1.245,2.3915,272.685488,272.685488,272.685488,0.093555
-0.52,1.245,2.50425,273.501051,273.501051,273.501051,0.036865
0.52,1.245,2.50425,273.1419069,273.1419069,273.1419069,0.036865
-0.52,1.245,1.57675,271.64342,271.64342,271.64342,0.041915
0.52,1.245,1.57675,270.28814,270.28814,270.28814,0.041915
-1.2375,1.245,6.18525,260.9787,260.9787,260.9787,0.0517825
-1.2375,1.245,6.18525,259.1055,259.1055,259.1055,0.0517825
1.2375,1.245,6.18525,259.4146,259.4146,259.4146,0.0517825
1.2375,1.245,6.18525,257.8958,257.8958,257.8958,0.0517825
-0.04825,1.245,6.17025,264.06482,264.06482,264.06482,0.00694925
0.04825,1.245,6.17025,264.2581,264.2581,264.2581,0.00694925
-0.55325,1.245,6.17025,263.57422,263.57422,263.57422,0.09859575
0.55325,1.245,6.17025,263.84511,263.84511,263.84511,0.09859575
-1.2625,1.245,6.014,268.28152,268.28152,268.28152,0.09048
-1.2625,1.245,6.014,266.39489,266.39489,266.39489,0.09048
1.2625,1.245,6.014,270.14471,270.14471,270.14471,0.09048
1.2625,1.245,6.014,267.74214,267.74214,267.74214,0.09048
-0.04825,1.245,6.014,267.09073,267.09073,267.09073,0.013832
0.04825,1.245,6.014,268.22035,268.22035,268.22035,0.013832
-0.55325,1.245,6.014,267.86256,267.86256,267.86256,0.196248
0.55325,1.245,6.014,269.05148,269.05148,269.05148,0.196248
-1.2925,1.245,5.82,273.1396187,273.1396187,273.1396187,0.0891
-1.2925,1.245,5.82,270.39159,270.39159,270.39159,0.0891
1.2925,1.245,5.82,271.08547,271.08547,271.08547,0.0891
1.2925,1.245,5.82,268.67419,268.67419,268.67419,0.0891
-0.04825,1.245,5.82,270.40537,270.40537,270.40537,0.01197
0.04825,1.245,5.82,271.19507,271.19507,271.19507,0.01197
-0.55325,1.245,5.82,270.78812,270.78812,270.78812,0.16983
0.55325,1.245,5.82,270.93848,270.93848,270.93848,0.16983
-1.2925,1.245,5.65,271.93485,271.93485,271.93485,0.0792
-1.2925,1.245,5.65,269.03468,269.03468,269.03468,0.0792
1.2925,1.245,5.65,270.90394,270.90394,270.90394,0.0792
1.2925,1.245,5.65,267.9542,267.9542,267.9542,0.0792
-0.04825,1.245,5.65,269.43451,269.43451,269.43451,0.01064
0.04825,1.245,5.65,269.59882,269.59882,269.59882,0.01064
-0.55325,1.245,5.65,269.27669,269.27669,269.27669,0.15096
0.55325,1.245,5.65,268.99486,268.99486,268.99486,0.15096
-1.2925,1.245,5.1615,266.54794,266.54794,266.54794,0.086625
-1.2925,1.245,5.1615,263.78443,263.78443,263.78443,0.086625
1.2925,1.245,5.1615,263.0201,263.0201,263.0201,0.086625
1.2925,1.245,5.1615,260.5122,260.5122,260.5122,0.086625
-0.04825,1.245,5.1615,263.58355,263.58355,263.58355,0.0116375
0.04825,1.245,5.1615,263.52467,263.52467,263.52467,0.0116375
-0.55325,1.245,5.1615,263.99536,263.99536,263.99536,0.1651125
0.55325,1.245,5.1615,263.66352,263.66352,263.66352,0.1651125
-1.2925,1.245,5.0135,269.37649,269.37649,269.37649,0.059895
-1.2925,1.245,5.0135,266.7205,266.7205,266.7205,0.059895
1.2925,1.245,5.0135,265.3656,265.3656,265.3656,0.059895
1.2925,1.245,5.0135,263.1392,263.1392,263.1392,0.059895
-0.04825,1.245,5.0135,267.03901,267.03901,267.03901,0.0080465
0.04825,1.245,5.0135,267.01439,267.01439,267.01439,0.0080465
-0.55325,1.245,5.0135,267.39726,267.39726,267.39726,0.1141635
0.55325,1.245,5.0135,267.09151,267.09151,267.09151,0.1141635
-1.2925,1.245,4.8765,268.82425,268.82425,268.82425,0.075735
-1.2925,1.245,4.8765,266.38331,266.38331,266.38331,0.075735
1.2925,1.245,4.8765,261.3005,261.3005,261.3005,0.075735
1.2925,1.245,4.8765,259.8611,259.8611,259.8611,0.075735
-0.04825,1.245,4.87,267.38936,267.38936,267.38936,0.011039
0.04825,1.245,4.87,267.37266,267.37266,267.37266,0.011039
-0.55325,1.245,4.87,268.53702,268.53702,268.53702,0.156621
0.55325,1.245,4.87,267.83245,267.83245,267.83245,0.156621
-1.2925,1.245,4.5765,273.430487,273.430487,273.430487,0.041085
-1.2925,1.245,4.5765,270.39909,270.39909,270.39909,0.041085
-1.2925,1.245,4.709,272.365311,272.365311,272.365311,0.09009
-1.2925,1.245,4.709,269.3617,269.3617,269.3617,0.09009
1.2925,1.245,4.5765,268.45443,268.45443,268.45443,0.041085
1.2925,1.245,4.5765,266.09073,266.09073,266.09073,0.041085
1.2925,1.245,4.709,267.86944,267.86944,267.86944,0.09009
1.2925,1.245,4.709,265.26024,265.26024,265.26024,0.09009
-0.04825,1.245,4.7025,268.50087,268.50087,268.50087,0.0112385
-0.04825,1.245,4.5345,268.43166,268.43166,268.43166,0.0111055
0.04825,1.245,4.7025,268.47056,268.47056,268.47056,0.0112385
0.04825,1.245,4.5345,268.3535,268.3535,268.3535,0.0111055
-0.55325,1.245,4.5345,268.82625,268.82625,268.82625,0.1575645
-0.55325,1.245,4.7025,268.78526,268.78526,268.78526,0.1594515
0.55325,1.245,4.5345,268.52882,268.52882,268.52882,0.1575645
0.55325,1.245,4.7025,268.26695,268.26695,268.26695,0.1594515
-0.04825,1.245,3.348,273.733803,273.733803,273.733803,0.006783
0.04825,1.245,3.348,273.665521,273.665521,273.665521,0.006783
-0.55325,1.245,3.348,272.899389,272.899389,272.899389,0.096237
0.55325,1.245,3.348,272.588946,272.588946,272.588946,0.096237
-0.04825,1.245,3.073,274.47512,274.47512,274.47512,0.010773
-0.04825,1.245,3.2255,274.16971,274.16971,274.16971,0.0095095
0.04825,1.245,3.073,274.39184,274.39184,274.39184,0.010773
0.04825,1.245,3.2255,274.113785,274.113785,274.113785,0.0095095
-0.55325,1.245,3.2255,273.494829,273.494829,273.494829,0.1349205
-0.55325,1.245,3.073,274.24715,274.24715,274.24715,0.152847
0.55325,1.245,3.2255,273.262594,273.262594,273.262594,0.1349205
0.55325,1.245,3.073,274.097687,274.097687,274.097687,0.152847
-0.04825,1.245,2.688,274.58677,274.58677,274.58677,0.011571
-0.04825,1.245,2.8835,276.95412,276.95412,276.95412,0.0144305
0.04825,1.245,2.688,274.45484,274.45484,274.45484,0.011571
0.04825,1.245,2.8835,276.87546,276.87546,276.87546,0.0144305
-0.55325,1.245,2.688,274.015137,274.015137,274.015137,0.164169
-0.55325,1.245,2.8835,277.48028,277.48028,277.48028,0.2047395
0.55325,1.245,2.688,273.697443,273.697443,273.697443,0.164169
0.55325,1.245,2.8835,277.31167,277.31167,277.31167,0.2047395
-1.2925,1.245,2.3915,276.74397,276.74397,276.74397,0.093555
-1.2925,1.245,2.3915,273.72755,273.72755,273.72755,0.093555
-0.04825,1.245,2.3915,276.75592,276.75592,276.75592,0.0125685
0.04825,1.245,2.3915,276.68381,276.68381,276.68381,0.0125685
-0.55325,1.245,2.3915,275.53642,275.53642,275.53642,0.1783215
0.55325,1.245,2.3915,275.17461,275.17461,275.17461,0.1783215
-0.04825,1.245,4.156,280.10413,280.10413,280.10413,0.010241
0.04825,1.245,4.156,280.07394,280.07394,280.07394,0.010241
-0.55325,1.245,4.156,278.36444,278.36444,278.36444,0.145299
0.55325,1.245,4.156,278.0646,278.0646,278.0646,0.145299
-0.04825,1.245,4.002,279.96248,279.96248,279.96248,0.010241
0.04825,1.245,4.002,279.9734,279.9734,279.9734,0.010241
-0.55325,1.245,4.002,278.31402,278.31402,278.31402,0.145299
0.55325,1.245,4.002,278.30082,278.30082,278.30082,0.145299
-0.04825,1.245,3.848,280.24185,280.24185,280.24185,0.010241
0.04825,1.245,3.848,280.29069,280.29069,280.29069,0.010241
-0.55325,1.245,3.848,278.25089,278.25089,278.25089,0.145299
0.55325,1.245,3.848,278.41682,278.41682,278.41682,0.145299
-0.04825,1.245,3.694,279.89048,279.89048,279.89048,0.010241
0.04825,1.245,3.694,279.89786,279.89786,279.89786,0.010241
-0.55325,1.245,3.694,278.29102,278.29102,278.29102,0.145299
0.55325,1.245,3.694,278.26528,278.26528,278.26528,0.145299
1.2925,1.245,1.835,268.83021,268.83021,268.83021,0.06732
1.2925,1.245,1.835,266.8364,266.8364,266.8364,0.06732
-1.2925,1.245,1.835,270.69448,270.69448,270.69448,0.06732
-1.2925,1.245,1.835,268.67209,268.67209,268.67209,0.06732
-0.04825,1.245,1.835,271.67985,271.67985,271.67985,0.009044
0.04825,1.245,1.835,271.59135,271.59135,271.59135,0.009044
-0.55325,1.245,1.835,270.07183,270.07183,270.07183,0.128316
0.55325,1.245,1.835,269.52662,269.52662,269.52662,0.128316
-0.5865,1.245,0.913,288.8633,288.8633,288.8633,0.145582
-0.5865,1.245,1.0905,290.3416,290.3416,290.3416,0.165753
1.2925,1.245,1.9765,268.96555,268.96555,268.96555,0.072765
1.2925,1.245,1.9765,267.11808,267.11808,267.11808,0.072765
-1.2925,1.245,1.9765,270.63523,270.63523,270.63523,0.072765
-1.2925,1.245,1.9765,268.75211,268.75211,268.75211,0.072765
-0.04825,1.245,1.9765,271.97864,271.97864,271.97864,0.0097755
0.04825,1.245,1.9765,271.89649,271.89649,271.89649,0.0097755
-0.55325,1.245,1.9765,270.74235,270.74235,270.74235,0.1386945
0.55325,1.245,1.9765,270.27731,270.27731,270.27731,0.1386945
1.2925,1.245,2.18875,273.48441,273.48441,273.48441,0.1071675
1.2925,1.245,2.18875,271.20314,271.20314,271.20314,0.1071675
1.2925,1.245,2.06525,267.41847,267.41847,267.41847,0.0150975
1.2925,1.245,2.06525,266.24817,266.24817,266.24817,0.0150975
-1.2925,1.245,2.18875,274.84108,274.84108,274.84108,0.1071675
-1.2925,1.245,2.18875,272.600272,272.600272,272.600272,0.1071675
-1.2925,1.245,2.06525,269.41105,269.41105,269.41105,0.0150975
-1.2925,1.245,2.06525,268.10803,268.10803,268.10803,0.0150975
-0.52,1.245,2.06525,272.774876,272.774876,272.774876,0.030805
-0.04825,1.245,2.18875,276.30142,276.30142,276.30142,0.01439725
0.52,1.245,2.06525,272.312444,272.312444,272.312444,0.030805
0.04825,1.245,2.18875,276.2358,276.2358,276.2358,0.01439725
-0.55325,1.245,2.18875,276.38258,276.38258,276.38258,0.20426775
0.55325,1.245,2.18875,276.00294,276.00294,276.00294,0.20426775
-0.52,1.245,1.64825,271.81645,271.81645,271.81645,0.041915
0.52,1.245,1.64825,270.7226,270.7226,270.7226,0.041915
1.235,1.245,1.6125,263.82554,263.82554,263.82554,0.04294
1.235,1.245,1.6125,261.8209,261.8209,261.8209,0.04294
1.2925,1.245,1.718,268.61813,268.61813,268.61813,0.04851
1.2925,1.245,1.718,266.39882,266.39882,266.39882,0.04851
-1.235,1.245,1.6125,270.24481,270.24481,270.24481,0.04294
-1.235,1.245,1.6125,268.12002,268.12002,268.12002,0.04294
-1.2925,1.245,1.718,270.74099,270.74099,270.74099,0.04851
-1.2925,1.245,1.718,268.81174,268.81174,268.81174,0.04851
-0.04825,1.245,1.718,272.09734,272.09734,272.09734,0.006517
-0.55325,1.245,1.718,270.56339,270.56339,270.56339,0.092463
0.55325,1.245,1.718,269.82392,269.82392,269.82392,0.092463
0.04825,1.245,1.718,271.98994,271.98994,271.98994,0.006517
-0.52,1.245,3.49825,277.29855,277.29855,277.29855,0.041915
0.52,1.245,3.49825,276.85847,276.85847,276.85847,0.041915
-0.04825,1.245,3.568,279.68144,279.68144,279.68144,0.006517
-0.55325,1.245,3.568,278.18555,278.18555,278.18555,0.092463
0.55325,1.245,3.568,277.7878,277.7878,277.7878,0.092463
0.04825,1.245,3.568,279.61196,279.61196,279.61196,0.006517
-0.52,1.245,4.35175,276.86767,276.86767,276.86767,0.041915
0.52,1.245,4.35175,276.74817,276.74817,276.74817,0.041915
-0.55325,1.245,4.282,277.89181,277.89181,277.89181,0.092463
-0.04825,1.245,4.282,279.14785,279.14785,279.14785,0.006517
0.04825,1.245,4.282,279.14763,279.14763,279.14763,0.006517
0.55325,1.245,4.282,277.77309,277.77309,277.77309,0.092463
1.2925,1.245,2.6455,272.07605,272.07605,272.07605,0.044055
1.2925,1.245,2.6455,269.53494,269.53494,269.53494,0.044055
1.2925,1.245,2.5435,268.71915,268.71915,268.71915,0.056925
1.2925,1.245,2.5435,267.02988,267.02988,267.02988,0.056925
-1.2925,1.245,5.4245,263.23702,263.23702,263.23702,0.048015
-1.2925,1.245,5.4245,260.8613,260.8613,260.8613,0.048015
-1.2925,1.245,5.5215,267.07933,267.07933,267.07933,0.048015
-1.2925,1.245,5.5215,264.57609,264.57609,264.57609,0.048015
1.2925,1.245,5.4245,258.2949,258.2949,258.2949,0.048015
1.2925,1.245,5.4245,256.1538,256.1538,256.1538,0.048015
1.2925,1.245,5.5215,261.141,261.141,261.141,0.048015
1.2925,1.245,5.5215,260.1089,260.1089,260.1089,0.048015
-0.04825,1.245,5.5215,265.04254,265.04254,265.04254,0.0064505
-0.04825,1.245,5.4245,262.5347,262.5347,262.5347,0.0064505
0.04825,1.245,5.5215,264.93039,264.93039,264.93039,0.0064505
0.04825,1.245,5.4245,262.3602,262.3602,262.3602,0.0064505
-0.55325,1.245,5.4245,262.3215,262.3215,262.3215,0.0915195
-0.55325,1.245,5.5215,265.34494,265.34494,265.34494,0.0915195
0.55325,1.245,5.4245,261.2017,261.2017,261.2017,0.0915195
0.55325,1.245,5.5215,264.02189,264.02189,264.02189,0.0915195
-0.04825,1.245,1.3195,278.9268,278.9268,278.9268,0.0051205
-0.55325,1.245,1.3195,284.3167,284.3167,284.3167,0.0726495
-0.04825,1.245,1.223,285.8492,285.8492,285.8492,0.005054
-0.52,1.245,1.271,288.1624,288.1624,288.1624,0.0202
-0.5865,1.245,1.223,291.1537,291.1537,291.1537,0.066652
-0.11475,1.245,1.223,287.9516,287.9516,287.9516,0.005054
-0.04825,1.245,1.49675,272.318593,272.318593,272.318593,0.00788025
-0.55325,1.245,1.49675,273.279472,273.279472,273.279472,0.11180475
-0.04825,1.245,1.39775,275.25672,275.25672,275.25672,0.00528675
-0.55325,1.245,1.39775,277.14768,277.14768,277.14768,0.07500825
-1.375,1.245,1.0905,245.1082,245.1082,245.1082,0.0189
-1.375,1.245,0.949,240.6311,240.6311,240.6311,0.0094
-1.1925,1.245,1.3195,278.80226,278.80226,278.80226,0.022715
-1.375,1.245,1.223,254.6381,254.6381,254.6381,0.0076
-1.185,1.245,1.271,276.1927,276.1927,276.1927,0.0056
-1.375,1.245,1.271,259.6242,259.6242,259.6242,0.002
-1.1925,1.245,1.49675,271.64739,271.64739,271.64739,0.0349575
-1.1925,1.245,1.39775,275.21856,275.21856,275.21856,0.0234525
-1.3825,1.245,1.49675,264.50917,264.50917,264.50917,0.0100725
-1.3825,1.245,1.39775,264.53478,264.53478,264.53478,0.0067575
-1.3825,1.245,1.3195,262.5521,262.5521,262.5521,0.006545
-1.24875,1.245,1.0905,252.1361,252.1361,252.1361,0.0288225
-1.10875,1.245,1.0905,272.641573,272.641573,272.641573,0.0240975
-1.10875,1.245,0.903,268.35424,268.35424,268.35424,0.023715
-1.24875,1.245,0.903,247.9511,247.9511,247.9511,0.028365
-1.10875,1.245,1.223,278.80817,278.80817,278.80817,0.00969
-1.24875,1.245,1.223,263.76665,263.76665,263.76665,0.01159
1.375,1.245,1.47675,255.3197,255.3197,255.3197,0.01585
1.375,1.245,1.2455,254.7274,254.7274,254.7274,0.0304
1.375,1.245,0.99775,256.0289,256.0289,256.0289,0.01915
1.115,1.245,0.856,257.1093,257.1093,257.1093,0.01288
1.255,1.245,0.856,253.7383,253.7383,253.7383,0.01288
1.115,1.245,1.47675,263.7659,263.7659,263.7659,0.02219
1.255,1.245,1.47675,261.1804,261.1804,261.1804,0.02219
1.115,1.245,1.2455,265.91987,265.91987,265.91987,0.04256
1.255,1.245,1.2455,262.6808,262.6808,262.6808,0.04256
1.115,1.245,0.99775,266.5607,266.5607,266.5607,0.02681
1.255,1.245,0.99775,263.9274,263.9274,263.9274,0.02681
-0.699,1.245,7.16735,272.951287,272.951287,272.951287,0.051948
-0.699,1.245,7.16735,270.71856,270.71856,270.71856,0.051948
-0.699,1.245,6.99535,274.080385,274.080385,274.080385,0.05538
-0.699,1.245,6.99535,271.73852,271.73852,271.73852,0.05538
-0.871,1.245,6.8411,274.82559,274.82559,274.82559,0.085936
-0.871,1.245,6.8411,272.267464,272.267464,272.267464,0.085936
-0.8995,1.245,6.69835,274.30566,274.30566,274.30566,0.1101585
-0.8995,1.245,6.69835,271.83768,271.83768,271.83768,0.1101585
-0.9395,1.245,6.5441,274.35039,274.35039,274.35039,0.122122
-0.9395,1.245,6.5441,271.80379,271.80379,271.80379,0.122122
-0.9395,1.245,6.41485,273.718818,273.718818,273.718818,0.0828685
-0.9395,1.245,6.41485,270.63169,270.63169,270.63169,0.0828685
-0.9395,1.245,6.31255,266.44751,266.44751,266.44751,0.0793793
-0.9395,1.245,6.31255,264.9466,264.9466,264.9466,0.0793793
0.699,1.245,7.16735,271.99601,271.99601,271.99601,0.051948
0.699,1.245,7.16735,269.87192,269.87192,269.87192,0.051948
0.0,1.245,7.16735,271.97995,271.97995,271.97995,0.180819
0.0,1.245,6.99535,272.520051,272.520051,272.520051,0.192765
0.699,1.245,6.99535,273.265024,273.265024,273.265024,0.05538
0.699,1.245,6.99535,271.03172,271.03172,271.03172,0.05538
0.0,1.245,6.8411,272.538187,272.538187,272.538187,0.142266
0.871,1.245,6.8411,274.25771,274.25771,274.25771,0.085936
0.871,1.245,6.8411,271.7628,271.7628,271.7628,0.085936
0.0,1.245,6.69835,272.301925,272.301925,272.301925,0.167787
0.8995,1.245,6.69835,273.665189,273.665189,273.665189,0.1101585
0.8995,1.245,6.69835,271.27959,271.27959,271.27959,0.1101585
0.0,1.245,6.5441,272.243495,272.243495,272.243495,0.167244
0.9395,1.245,6.5441,273.296691,273.296691,273.296691,0.122122
0.9395,1.245,6.5441,270.89071,270.89071,270.89071,0.122122
0.9395,1.245,6.41485,272.501768,272.501768,272.501768,0.0828685
0.9395,1.245,6.41485,269.5442,269.5442,269.5442,0.0828685
0.0,1.245,6.41485,272.03444,272.03444,272.03444,0.113487
0.0,1.245,6.31255,267.58607,267.58607,267.58607,0.1087086
0.9395,1.245,6.31255,264.98038,264.98038,264.98038,0.0793793
0.9395,1.245,6.31255,263.56779,263.56779,263.56779,0.0793793
0.9865,1.245,1.29125,268.42023,268.42023,268.42023,0.0163625
0.9865,1.245,1.47675,266.62951,266.62951,266.62951,0.0122045
0.9865,1.245,1.13925,269.88253,269.88253,269.88253,0.0070455
0.9865,1.245,0.866,264.29657,264.29657,264.29657,0.005544
0.9865,1.245,0.99775,269.12155,269.12155,269.12155,0.0147455
1.045,0.869,5.80575,257.9134,257.9134,257.9134,0.256718
1.045,0.5605,5.80575,257.2977,257.2977,257.2977,0.2575515
1.045,0.278,5.80575,256.7318,256.7318,256.7318,0.213376
1.045,-0.278,5.80575,257.1814,257.1814,257.1814,0.213376
1.045,-0.5605,5.80575,257.7628,257.7628,257.7628,0.2575515
1.045,-0.869,5.80575,258.4144,258.4144,258.4144,0.256718
1.045,0.869,2.075,272.986749,272.986749,272.986749,0.237776
1.045,0.5605,2.075,272.627953,272.627953,272.627953,0.238548
1.045,0.278,2.075,272.08275,272.08275,272.08275,0.197632
1.045,-0.278,2.075,272.553396,272.553396,272.553396,0.197632
1.045,-0.5605,2.075,273.1318088,273.1318088,273.1318088,0.238548
1.045,-0.869,2.075,273.604851,273.604851,273.604851,0.237776
1.045,0.869,1.183,269.52011,269.52011,269.52011,0.217448
1.045,0.5605,1.183,272.235398,272.235398,272.235398,0.218154
1.045,0.278,1.183,271.56968,271.56968,271.56968,0.180736
1.045,-0.278,1.183,272.29374,272.29374,272.29374,0.180736
1.045,-0.5605,1.183,272.977477,272.977477,272.977477,0.218154
1.045,-0.869,1.183,270.63008,270.63008,270.63008,0.217448
1.045,0.0825,5.80575,253.2392,253.2392,253.2392,0.1125225
1.045,0.0825,2.075,270.67857,270.67857,270.67857,0.10422
1.045,0.0825,1.183,268.11812,268.11812,268.11812,0.09531
1.045,1.175,5.80575,259.4767,259.4767,259.4767,0.08335
1.045,1.074,5.80575,258.9364,258.9364,258.9364,0.085017
1.045,1.074,2.075,273.299907,273.299907,273.299907,0.078744
1.045,1.175,2.075,271.6706,271.6706,271.6706,0.0772
1.045,-0.0825,5.80575,253.6,253.6,253.6,0.1125225
1.045,-0.0825,2.075,271.09045,271.09045,271.09045,0.10422
1.045,-0.0825,1.183,268.98975,268.98975,268.98975,0.09531
1.045,-1.175,5.80575,260.5645,260.5645,260.5645,0.08335
1.045,-1.074,5.80575,259.5601,259.5601,259.5601,0.085017
1.045,-1.074,2.075,274.036099,274.036099,274.036099,0.078744
1.045,-1.175,2.075,272.748506,272.748506,272.748506,0.0772
1.045,0.869,2.9745,272.12689,272.12689,272.12689,0.222068
1.045,0.5605,2.9745,272.244232,272.244232,272.244232,0.222789
1.045,0.278,2.9745,272.13611,272.13611,272.13611,0.184576
1.045,-0.278,2.9745,272.639187,272.639187,272.639187,0.184576
1.045,-0.5605,2.9745,272.896991,272.896991,272.896991,0.222789
1.045,-0.869,2.9745,273.2090217,273.2090217,273.2090217,0.222068
1.045,0.0825,2.9745,270.84665,270.84665,270.84665,0.097335
1.045,1.074,2.9745,271.38782,271.38782,271.38782,0.073542
1.045,1.175,2.9745,269.79291,269.79291,269.79291,0.0721
1.045,-0.0825,2.9745,271.21986,271.21986,271.21986,0.097335
1.045,-1.074,2.9745,272.960522,272.960522,272.960522,0.073542
1.045,-1.175,2.9745,271.41674,271.41674,271.41674,0.0721
1.045,0.869,4.9005,258.6213,258.6213,258.6213,0.206668
1.045,0.5605,4.9005,258.0524,258.0524,258.0524,0.207339
1.045,0.278,4.9005,257.5818,257.5818,257.5818,0.171776
1.045,-0.278,4.9005,258.0089,258.0089,258.0089,0.171776
1.045,-0.5605,4.9005,258.4864,258.4864,258.4864,0.207339
1.045,-0.869,4.9005,259.0768,259.0768,259.0768,0.206668
1.045,0.0825,4.9005,254.9049,254.9049,254.9049,0.090585
1.045,1.074,4.9005,259.4871,259.4871,259.4871,0.068442
1.045,1.175,4.9005,259.5176,259.5176,259.5176,0.0671
1.045,-0.0825,4.9005,255.2273,255.2273,255.2273,0.090585
1.045,-1.074,4.9005,260.0663,260.0663,260.0663,0.068442
1.045,-1.175,4.9005,260.5601,260.5601,260.5601,0.0671
1.045,1.175,5.35825,259.7686,259.7686,259.7686,0.00615
1.045,1.175,5.26675,259.5403,259.5403,259.5403,0.00615
1.045,1.175,2.58325,273.27552,273.27552,273.27552,0.00615
1.045,1.175,2.49175,273.458571,273.458571,273.458571,0.00615
1.045,1.175,1.65825,268.82863,268.82863,268.82863,0.00615
1.045,1.175,1.56675,268.47494,268.47494,268.47494,0.00615
1.045,1.074,5.35825,259.7028,259.7028,259.7028,0.006273
1.045,1.074,5.26675,259.7142,259.7142,259.7142,0.006273
1.045,1.074,2.58325,273.789983,273.789983,273.789983,0.006273
1.045,1.074,2.49175,274.03436,274.03436,274.03436,0.006273
1.045,1.074,1.65825,270.19511,270.19511,270.19511,0.006273
1.045,1.074,1.56675,269.89665,269.89665,269.89665,0.006273
1.045,0.869,5.35825,258.8366,258.8366,258.8366,0.018942
1.045,0.869,5.26675,258.8878,258.8878,258.8878,0.018942
1.045,0.869,2.58325,273.507688,273.507688,273.507688,0.018942
1.045,0.869,2.49175,273.708652,273.708652,273.708652,0.018942
1.045,0.869,1.65825,273.0564027,273.0564027,273.0564027,0.018942
1.045,0.869,1.56675,272.90279,272.90279,272.90279,0.018942
1.045,0.5605,5.35825,258.7874,258.7874,258.7874,0.0190035
1.045,0.5605,5.26675,258.8406,258.8406,258.8406,0.0190035
1.045,0.5605,2.58325,273.823813,273.823813,273.823813,0.0190035
1.045,0.5605,2.49175,273.939632,273.939632,273.939632,0.0190035
1.045,0.5605,1.65825,273.66047,273.66047,273.66047,0.0190035
1.045,0.5605,1.56675,273.505535,273.505535,273.505535,0.0190035
1.045,0.278,5.35825,257.7914,257.7914,257.7914,0.015744
1.045,0.0825,5.35825,255.0626,255.0626,255.0626,0.0083025
1.045,0.278,5.26675,257.8456,257.8456,257.8456,0.015744
1.045,0.0825,5.26675,255.0789,255.0789,255.0789,0.0083025
1.045,0.278,2.58325,273.0724295,273.0724295,273.0724295,0.015744
1.045,0.0825,2.58325,271.84914,271.84914,271.84914,0.0083025
1.045,0.278,2.49175,273.1753638,273.1753638,273.1753638,0.015744
1.045,0.0825,2.49175,272.243607,272.243607,272.243607,0.0083025
1.045,0.278,1.65825,269.79975,269.79975,269.79975,0.015744
1.045,0.0825,1.65825,265.69095,265.69095,265.69095,0.0083025
1.045,0.278,1.56675,269.60599,269.60599,269.60599,0.015744
1.045,0.0825,1.56675,264.75771,264.75771,264.75771,0.0083025
1.045,-0.0825,5.35825,255.4785,255.4785,255.4785,0.0083025
1.045,-0.0825,5.26675,255.4952,255.4952,255.4952,0.0083025
1.045,-0.0825,2.58325,272.196527,272.196527,272.196527,0.0083025
1.045,-0.0825,2.49175,272.590896,272.590896,272.590896,0.0083025
1.045,-0.0825,1.65825,266.31287,266.31287,266.31287,0.0083025
1.045,-0.0825,1.56675,265.417,265.417,265.417,0.0083025
1.045,-0.278,5.35825,258.2654,258.2654,258.2654,0.015744
1.045,-0.278,5.26675,258.3153,258.3153,258.3153,0.015744
1.045,-0.278,2.58325,273.546292,273.546292,273.546292,0.015744
1.045,-0.278,2.49175,273.638099,273.638099,273.638099,0.015744
1.045,-0.278,1.65825,270.37613,270.37613,270.37613,0.015744
1.045,-0.278,1.56675,270.19085,270.19085,270.19085,0.015744
1.045,-0.5605,5.35825,259.278,259.278,259.278,0.0190035
1.045,-0.5605,5.26675,259.3259,259.3259,259.3259,0.0190035
1.045,-0.5605,2.58325,274.38682,274.38682,274.38682,0.0190035
1.045,-0.5605,2.49175,274.46465,274.46465,274.46465,0.0190035
1.045,-0.5605,1.65825,274.20501,274.20501,274.20501,0.0190035
1.045,-0.5605,1.56675,274.066651,274.066651,274.066651,0.0190035
1.045,-0.869,5.35825,259.3703,259.3703,259.3703,0.018942
1.045,-0.869,5.26675,259.4121,259.4121,259.4121,0.018942
1.045,-0.869,2.58325,274.27888,274.27888,274.27888,0.018942
1.045,-0.869,2.49175,274.37515,274.37515,274.37515,0.018942
1.045,-0.869,1.65825,273.701391,273.701391,273.701391,0.018942
1.045,-0.869,1.56675,273.553412,273.553412,273.553412,0.018942
1.045,-1.074,5.35825,260.3838,260.3838,260.3838,0.006273
1.045,-1.175,5.35825,260.8099,260.8099,260.8099,0.00615
1.045,-1.074,5.26675,260.3821,260.3821,260.3821,0.006273
1.045,-1.175,5.26675,260.5701,260.5701,260.5701,0.00615
1.045,-1.074,2.58325,274.67736,274.67736,274.67736,0.006273
1.045,-1.175,2.58325,274.094048,274.094048,274.094048,0.00615
1.045,-1.074,2.49175,274.76847,274.76847,274.76847,0.006273
1.045,-1.175,2.49175,274.27971,274.27971,274.27971,0.00615
1.045,-1.074,1.65825,271.07603,271.07603,271.07603,0.006273
1.045,-1.175,1.65825,269.9372,269.9372,269.9372,0.00615
1.045,-1.074,1.56675,270.76397,270.76397,270.76397,0.006273
1.045,-1.175,1.56675,269.47038,269.47038,269.47038,0.00615
1.045,1.175,0.968,261.4202,261.4202,261.4202,0.0276
1.045,1.175,1.321,268.67133,268.67133,268.67133,0.043
1.045,1.074,1.321,271.25143,271.25143,271.25143,0.04386
1.045,1.074,0.968,261.0968,261.0968,261.0968,0.028152
1.045,-1.175,1.321,269.48378,269.48378,269.48378,0.043
1.045,-1.175,0.968,263.81916,263.81916,263.81916,0.0276
1.045,-1.074,0.968,263.54808,263.54808,263.54808,0.028152
1.045,-1.074,1.321,272.00728,272.00728,272.00728,0.04386
-1.045,0.869,5.80575,271.8477,271.8477,271.8477,0.256718
-1.045,0.5605,5.80575,271.24096,271.24096,271.24096,0.2575515
-1.045,0.278,5.80575,270.82227,270.82227,270.82227,0.213376
-1.045,-0.278,5.80575,271.14208,271.14208,271.14208,0.213376
-1.045,-0.5605,5.80575,271.58539,271.58539,271.58539,0.2575515
-1.045,-0.869,5.80575,272.212463,272.212463,272.212463,0.256718
-1.045,0.869,2.075,279.24141,279.24141,279.24141,0.237776
-1.045,0.5605,2.075,278.74699,278.74699,278.74699,0.238548
-1.045,0.278,2.075,278.39005,278.39005,278.39005,0.197632
-1.045,-0.278,2.075,278.71492,278.71492,278.71492,0.197632
-1.045,-0.5605,2.075,279.04381,279.04381,279.04381,0.238548
-1.045,-0.869,2.075,279.45507,279.45507,279.45507,0.237776
-1.045,0.869,1.183,280.48731,280.48731,280.48731,0.217448
-1.045,0.5605,1.183,280.4854,280.4854,280.4854,0.218154
-1.045,0.278,1.183,280.29914,280.29914,280.29914,0.180736
-1.045,-0.278,1.183,280.86062,280.86062,280.86062,0.180736
-1.045,-0.5605,1.183,281.16952,281.16952,281.16952,0.218154
-1.045,-0.869,1.183,281.46014,281.46014,281.46014,0.217448
-1.045,-1.074,5.80575,273.440561,273.440561,273.440561,0.085017
-1.045,-1.175,5.80575,274.43043,274.43043,274.43043,0.08335
-1.045,-1.175,2.075,278.79454,278.79454,278.79454,0.0772
-1.045,-1.074,2.075,280.01542,280.01542,280.01542,0.078744
-1.045,-0.0825,5.80575,267.89441,267.89441,267.89441,0.1125225
-1.045,-0.0825,2.075,277.89755,277.89755,277.89755,0.10422
-1.045,-0.0825,1.183,281.5054,281.5054,281.5054,0.09531
-1.045,0.0825,5.80575,267.75501,267.75501,267.75501,0.1125225
-1.045,0.0825,2.075,277.69094,277.69094,277.69094,0.10422
-1.045,0.0825,1.183,281.02875,281.02875,281.02875,0.09531
-1.045,1.074,5.80575,272.958097,272.958097,272.958097,0.085017
-1.045,1.175,5.80575,273.368139,273.368139,273.368139,0.08335
-1.045,1.175,2.075,277.88889,277.88889,277.88889,0.0772
-1.045,1.074,2.075,279.65734,279.65734,279.65734,0.078744
-1.045,-0.869,2.9745,277.87952,277.87952,277.87952,0.222068
-1.045,-0.5605,2.9745,277.75884,277.75884,277.75884,0.222789
-1.045,-0.278,2.9745,277.73125,277.73125,277.73125,0.184576
-1.045,0.278,2.9745,277.46364,277.46364,277.46364,0.184576
-1.045,0.5605,2.9745,277.5806,277.5806,277.5806,0.222789
-1.045,0.869,2.9745,277.47422,277.47422,277.47422,0.222068
-1.045,-1.175,2.9745,275.06662,275.06662,275.06662,0.0721
-1.045,-1.074,2.9745,277.39104,277.39104,277.39104,0.073542
-1.045,-0.0825,2.9745,275.87175,275.87175,275.87175,0.097335
-1.045,0.0825,2.9745,275.66639,275.66639,275.66639,0.097335
-1.045,1.074,2.9745,276.40681,276.40681,276.40681,0.073542
-1.045,1.175,2.9745,273.701907,273.701907,273.701907,0.0721
-1.045,0.869,4.9005,274.46448,274.46448,274.46448,0.206668
-1.045,0.5605,4.9005,274.120032,274.120032,274.120032,0.207339
-1.045,0.278,4.9005,273.955225,273.955225,273.955225,0.171776
-1.045,-0.278,4.9005,274.25172,274.25172,274.25172,0.171776
-1.045,-0.5605,4.9005,274.44126,274.44126,274.44126,0.207339
-1.045,-0.869,4.9005,274.81304,274.81304,274.81304,0.206668
-1.045,-1.175,4.9005,276.65464,276.65464,276.65464,0.0671
-1.045,-1.074,4.9005,275.67837,275.67837,275.67837,0.068442
-1.045,-0.0825,4.9005,273.365696,273.365696,273.365696,0.090585
-1.045,0.0825,4.9005,273.284154,273.284154,273.284154,0.090585
-1.045,1.074,4.9005,275.24363,275.24363,275.24363,0.068442
-1.045,1.175,4.9005,275.92593,275.92593,275.92593,0.0671
-1.045,-1.175,5.35825,275.63343,275.63343,275.63343,0.00615
-1.045,-1.175,5.26675,275.9119,275.9119,275.9119,0.00615
-1.045,-1.175,2.58325,278.39675,278.39675,278.39675,0.00615
-1.045,-1.175,2.49175,278.87227,278.87227,278.87227,0.00615
-1.045,-1.175,1.65825,279.87651,279.87651,279.87651,0.00615
-1.045,-1.175,1.56675,280.42561,280.42561,280.42561,0.00615
-1.045,-1.074,5.35825,275.21386,275.21386,275.21386,0.006273
-1.045,-1.074,5.26675,275.63958,275.63958,275.63958,0.006273
-1.045,-1.074,2.58325,279.46806,279.46806,279.46806,0.006273
-1.045,-1.074,2.49175,279.80428,279.80428,279.80428,0.006273
-1.045,-1.074,1.65825,279.79352,279.79352,279.79352,0.006273
-1.045,-1.074,1.56675,279.99966,279.99966,279.99966,0.006273
-1.045,-0.869,5.35825,273.721396,273.721396,273.721396,0.018942
-1.045,-0.869,5.26675,274.22244,274.22244,274.22244,0.018942
-1.045,-0.869,2.58325,279.17743,279.17743,279.17743,0.018942
-1.045,-0.869,2.49175,279.50496,279.50496,279.50496,0.018942
-1.045,-0.869,1.65825,280.77206,280.77206,280.77206,0.018942
-1.045,-0.869,1.56675,281.02946,281.02946,281.02946,0.018942
-1.045,-0.5605,5.35825,274.16853,274.16853,274.16853,0.0190035
-1.045,-0.5605,5.26675,274.71598,274.71598,274.71598,0.0190035
-1.045,-0.5605,2.58325,279.48106,279.48106,279.48106,0.0190035
-1.045,-0.5605,2.49175,279.76353,279.76353,279.76353,0.0190035
-1.045,-0.5605,1.65825,281.51708,281.51708,281.51708,0.0190035
-1.045,-0.5605,1.56675,281.71132,281.71132,281.71132,0.0190035
-1.045,-0.0825,5.35825,271.69213,271.69213,271.69213,0.0083025
-1.045,-0.278,5.35825,272.914129,272.914129,272.914129,0.015744
-1.045,-0.0825,5.26675,272.734602,272.734602,272.734602,0.0083025
-1.045,-0.278,5.26675,273.504505,273.504505,273.504505,0.015744
-1.045,-0.0825,2.58325,276.97549,276.97549,276.97549,0.0083025
-1.045,-0.278,2.58325,278.7374,278.7374,278.7374,0.015744
-1.045,-0.0825,2.49175,277.67092,277.67092,277.67092,0.0083025
-1.045,-0.278,2.49175,279.01261,279.01261,279.01261,0.015744
-1.045,-0.0825,1.65825,277.69169,277.69169,277.69169,0.0083025
-1.045,-0.278,1.65825,278.85614,278.85614,278.85614,0.015744
-1.045,-0.0825,1.56675,278.10067,278.10067,278.10067,0.0083025
-1.045,-0.278,1.56675,279.14095,279.14095,279.14095,0.015744
-1.045,0.0825,5.35825,271.45108,271.45108,271.45108,0.0083025
-1.045,0.0825,5.26675,272.493598,272.493598,272.493598,0.0083025
-1.045,0.0825,2.58325,276.81609,276.81609,276.81609,0.0083025
-1.045,0.0825,2.49175,277.53185,277.53185,277.53185,0.0083025
-1.045,0.0825,1.65825,277.17934,277.17934,277.17934,0.0083025
-1.045,0.0825,1.56675,277.55809,277.55809,277.55809,0.0083025
-1.045,0.278,5.35825,272.571718,272.571718,272.571718,0.015744
-1.045,0.278,5.26675,273.1641282,273.1641282,273.1641282,0.015744
-1.045,0.278,2.58325,278.4783,278.4783,278.4783,0.015744
-1.045,0.278,2.49175,278.7412,278.7412,278.7412,0.015744
-1.045,0.278,1.65825,278.36073,278.36073,278.36073,0.015744
-1.045,0.278,1.56675,278.59791,278.59791,278.59791,0.015744
-1.045,0.5605,5.35825,273.806432,273.806432,273.806432,0.0190035
-1.045,0.5605,5.26675,274.35744,274.35744,274.35744,0.0190035
-1.045,0.5605,2.58325,279.26243,279.26243,279.26243,0.0190035
-1.045,0.5605,2.49175,279.53265,279.53265,279.53265,0.0190035
-1.045,0.5605,1.65825,281.06142,281.06142,281.06142,0.0190035
-1.045,0.5605,1.56675,281.17563,281.17563,281.17563,0.0190035
-1.045,0.869,5.35825,273.324298,273.324298,273.324298,0.018942
-1.045,0.869,5.26675,273.827862,273.827862,273.827862,0.018942
-1.045,0.869,2.58325,278.95356,278.95356,278.95356,0.018942
-1.045,0.869,2.49175,279.32591,279.32591,279.32591,0.018942
-1.045,0.869,1.65825,280.33662,280.33662,280.33662,0.018942
-1.045,0.869,1.56675,280.49162,280.49162,280.49162,0.018942
-1.045,1.175,5.35825,274.7359,274.7359,274.7359,0.00615
-1.045,1.074,5.35825,274.69416,274.69416,274.69416,0.006273
-1.045,1.175,5.26675,275.10208,275.10208,275.10208,0.00615
-1.045,1.074,5.26675,275.13086,275.13086,275.13086,0.006273
-1.045,1.175,2.58325,277.92222,277.92222,277.92222,0.00615
-1.045,1.074,2.58325,279.1097,279.1097,279.1097,0.006273
-1.045,1.175,2.49175,278.37419,278.37419,278.37419,0.00615
-1.045,1.074,2.49175,279.55003,279.55003,279.55003,0.006273
-1.045,1.175,1.65825,278.95796,278.95796,278.95796,0.00615
-1.045,1.074,1.65825,279.18453,279.18453,279.18453,0.006273
-1.045,1.175,1.56675,279.56708,279.56708,279.56708,0.00615
-1.045,1.074,1.56675,279.33127,279.33127,279.33127,0.006273
-1.045,-1.074,1.321,281.32023,281.32023,281.32023,0.04386
-1.045,-1.074,0.968,286.2923,286.2923,286.2923,0.028152
-1.045,-1.175,0.968,288.5874,288.5874,288.5874,0.0276
-1.045,-1.175,1.321,282.207,282.207,282.207,0.043
-1.045,1.074,0.968,284.4146,284.4146,284.4146,0.028152
-1.045,1.074,1.321,280.66902,280.66902,280.66902,0.04386
-1.045,1.175,1.321,281.37871,281.37871,281.37871,0.043
-1.045,1.175,0.968,286.7121,286.7121,286.7121,0.0276
1.062,-0.684,-0.138,338.2665,338.2665,338.2665,0.2
1.062,-1.174,-0.138,343.8189,343.8189,343.8189,0.2
1.062,-0.929,-0.179666666667,173.2667,173.2667,173.2667,0.637
-1.062,-0.684,-0.138,339.3761,339.3761,339.3761,0.2
-1.062,-1.174,-0.138,344.3099,344.3099,344.3099,0.2
-1.062,-0.929,-0.179666666667,200.1606,200.1606,200.1606,0.637
-1.062,0.684,-0.138,338.9161,338.9161,338.9161,0.2
-1.062,1.174,-0.138,342.9292,342.9292,342.9292,0.2
-1.062,0.929,-0.179666666667,198.9963,198.9963,198.9963,0.637
1.062,0.684,-0.138,337.387,337.387,337.387,0.2
1.062,1.174,-0.138,343.1174,343.1174,343.1174,0.2
1.062,0.929,-0.179666666667,173.013,173.013,173.013,0.637
0.19203125,-3.9537125,1.022,345.8185,345.8185,345.8185,2.830226
-0.19203125,-3.9537125,1.042,328.6092,328.6092,328.6092,2.830226
0.0,-7.1227,1.022,345.5824,345.5824,345.5824,9.29802
0.0,-11.4539,1.022,345.0292,345.0292,345.0292,9.29802
2.376,-15.7851,1.022,345.079,345.079,345.079,9.29802
0.0,-15.7851,1.022,344.8898,344.8898,344.8898,9.29802
-2.376,-15.7851,1.022,345.0899,345.0899,345.0899,9.29802
0.0,-20.1163,1.022,344.8439,344.8439,344.8439,9.29802
0.0,-7.1227,1.042,327.5517,327.5517,327.5517,9.29802
0.0,-11.4539,1.042,327.0699,327.0699,327.0699,9.29802
2.376,-15.7851,1.042,327.0983,327.0983,327.0983,9.29802
0.0,-15.7851,1.042,326.9464,326.9464,326.9464,9.29802
-2.376,-15.7851,1.042,327.1094,327.1094,327.1094,9.29802
0.0,-20.1163,1.042,326.9062,326.9062,326.9062,9.29802
-0.19203125,3.9537125,1.022,345.5294,345.5294,345.5294,2.830226
0.19203125,3.9537125,1.042,328.3325,328.3325,328.3325,2.830226
0.0,7.1227,1.022,345.5461,345.5461,345.5461,9.29802
0.0,11.4539,1.022,345.0192,345.0192,345.0192,9.29802
2.376,15.7851,1.022,345.0766,345.0766,345.0766,9.29802
0.0,15.7851,1.022,344.8844,344.8844,344.8844,9.29802
-2.376,15.7851,1.022,345.0901,345.0901,345.0901,9.29802
0.0,20.1163,1.022,344.8427,344.8427,344.8427,9.29802
0.0,7.1227,1.042,327.5205,327.5205,327.5205,9.29802
0.0,11.4539,1.042,327.061,327.061,327.061,9.29802
2.376,15.7851,1.042,327.0963,327.0963,327.0963,9.29802
0.0,15.7851,1.042,326.9409,326.9409,326.9409,9.29802
-2.376,15.7851,1.042,327.1103,327.1103,327.1103,9.29802
0.0,20.1163,1.042,326.9052,326.9052,326.9052,9.29802
2.9817875,-2.042145,0.989385625,353.6277,353.6277,353.6277,2.37242127085
2.9922125,-1.50785575,0.884609625,343.4641,343.4641,343.4641,2.37241444026
2.548,-0.085,0.851,257.7463,257.7463,257.7463,2.36103865252
3.981,0.169001,1.223,354.4403,354.4403,354.4403,3.38512149952
3.0386325,1.745669,1.04006025,351.4379,351.4379,351.4379,2.73471095557
2.9573675,2.31633,1.13794075,353.4772,353.4772,353.4772,2.73470025892
-3.0589275,2.0181825,1.06582175,344.2844,344.2844,344.2844,2.3723939388
-3.0750725,1.4838165,0.9621765,345.8762,345.8762,345.8762,2.37240207406
-3.425,-0.28,0.596,345.3917,345.3917,345.3917,7.30159648654
-2.72434625,-1.9311525,0.89989825,347.5721,347.5721,347.5721,2.95593965728
-2.35964625,-2.4168475,0.92410025,344.8788,344.8788,344.8788,2.95592526288
-1.263,0.716,0.454,287.3453,287.3453,287.3453,0.017424
-1.329,0.716,0.52,370.1953,370.1953,370.1953,0.017424
-1.395,0.716,0.454,253.0859,253.0859,253.0859,0.017424
-1.329,0.716,0.388,299.695,299.695,299.695,0.017424
-1.263,0.358,0.229,283.3189,283.3189,283.3189,0.017424
-1.329,0.358,0.163,205.6764,205.6764,205.6764,0.017424
-1.395,0.358,0.229,238.2951,238.2951,238.2951,0.017424
-1.329,0.358,0.295,335.4988,335.4988,335.4988,0.017424
-1.329,-0.712014,0.539447,278.14211,278.14211,278.14211,0.0174239457999
-1.329,-0.623448,0.509985,257.9208,257.9208,257.9208,0.0174239457999
-1.329,-0.593986,0.598551,324.1908,324.1908,324.1908,0.0174239457999
-1.329,-0.682552,0.628013,344.1713,344.1713,344.1713,0.0174239457999
1.263,-0.644004,0.48,171.859,171.859,171.859,0.017424
1.329,-0.644004,0.546,193.1495,193.1495,193.1495,0.017424
1.395,-0.644004,0.48,146.227,146.227,146.227,0.017424
1.329,-0.644004,0.414,267.58923,267.58923,267.58923,0.017424
1.263,-0.09,0.278,171.052,171.052,171.052,0.017424
1.329,-0.09,0.212,170.723,170.723,170.723,0.017424
1.395,-0.09,0.278,153.836,153.836,153.836,0.017424
1.329,-0.09,0.344,271.72175,271.72175,271.72175,0.017424
1.329,0.916,0.473,173.306,173.306,173.306,0.017424
1.329,0.85,0.539,190.6413,190.6413,190.6413,0.017424
1.329,0.784,0.473,177.7006,177.7006,177.7006,0.017424
1.329,0.85,0.407,264.61322,264.61322,264.61322,0.017424
0.0,0.0,0.81,277.172,277.172,277.172,0.0836
